name,age,street,city,state,zip,lng,lat
Melissa Harper,29,866 Juan Divide,Deantown,Oklahoma,07019,-45.452465,-77.7426625
Shannon Goodman,73,573 Vaughn Square Suite 006,Orrfort,Hawaii,69557,-100.152294,53.887393
Gregory Hartman,55,6344 Bowman Mission,South Michellefort,Virginia,49546,83.880467,43.3923415
Charles Mays,58,449 Johnson Manor,Smithville,Arizona,86022,-87.601112,-28.293219
Justin Navarro,55,544 Brianna Park Suite 560,Kyleton,Idaho,81593,-172.212100,-45.915171
Andrew Gardner,37,327 Nicole Vista Suite 079,Cynthiamouth,Iowa,09086,61.125192,32.501180
Stanley Rogers,26,65783 Ryan Cliffs,Robertmouth,South Carolina,32110,177.869766,88.9714225
Lawrence Warren,32,681 Thomas Square Apt. 068,New Seantown,North Dakota,02050,104.228330,-82.6637765
Andrew Martin,51,446 Carrillo Square,South Nathan,Kansas,70080,-149.891335,-80.4196375
John Jones,18,859 Coleman Causeway,New Mark,Kentucky,40538,88.822463,23.300555
David Rodriguez,79,341 William Estates Suite 151,South Laurie,Virginia,27681,104.407725,80.430939
Dana Boyer,51,70204 Hannah Stream Suite 610,East Nancyton,Mississippi,83763,-40.460663,84.863894
Victoria Nelson,57,80044 Brown Grove,Cochranberg,North Carolina,88841,-7.492443,29.7407185
Rebecca Taylor,36,90024 Vaughn Tunnel Apt. 317,Port Donaldhaven,New Mexico,22501,88.052827,43.6245155
Joseph Beard,69,39665 Evan Burgs Suite 378,West Douglasstad,New Hampshire,12168,129.725327,74.266336
John Noble,65,70925 King Mountains Suite 335,North Elizabeth,Michigan,73351,-73.964850,31.773744
Megan Perez,28,6242 Dalton Freeway,Allenview,Maryland,14457,-113.105544,-48.1184135
Samuel Ochoa,71,173 Peterson Land,Kaitlynside,New York,79449,30.005253,84.7713725
Monica Caldwell,64,14084 Blake Cape,South Keithstad,Virginia,35461,-29.873408,-47.1074605
Paul Ward,60,097 Washington Circle Apt. 479,East Jeffville,Maryland,04982,-98.561452,0.6275075
Jeffery Mcgee,54,2366 Nicole Canyon,North Suzanne,Arkansas,52115,48.754656,-0.012784
Alyssa Bennett,63,426 Tony Groves,West Anthonyside,Utah,93636,-97.325879,-25.4407575
Laura Simmons,43,7598 Diaz Burg Apt. 600,New Samanthabury,South Carolina,48997,-89.191205,-15.1646815
Sharon Martin,20,610 Jessica Locks Apt. 538,Kaitlintown,Hawaii,04197,-176.107497,-37.6915015
Robert Garcia,58,058 Angela Park Suite 388,North Shannon,Wyoming,92910,172.198452,57.874949
Stephen Sherman,58,130 Thornton Green Apt. 414,Port Garrett,Colorado,48388,-1.587930,57.232360
Robert Blankenship,38,4853 Jordan Mews,West James,North Dakota,70944,-114.967640,-74.629891
Victoria Brown,41,9601 Hart Junctions Suite 262,Davidland,Delaware,61409,75.903004,54.828273
Alison Bolton,46,245 Paul View,Pachecoberg,Illinois,97167,90.198818,52.7612685
Timothy Miles,55,2302 Berger Key Suite 204,Bennettton,Missouri,34512,-176.998681,-42.6868735
Albert Stanley,67,619 James Valleys,Gutierrezstad,South Carolina,41926,88.951700,-41.707610
Jennifer Graves,24,33809 Seth Lakes Suite 347,Melissaborough,Texas,66488,-102.294159,85.9465185
Amy Porter,69,19011 Allen Bypass Suite 196,Stevenshaven,California,17277,-19.805161,18.508300
William Martin,75,10398 David Lodge Apt. 160,West Jeffreymouth,California,99682,28.439657,-42.474869
Nathan Benton,70,4707 Craig Centers,East Ashley,Oregon,48734,0.838183,-19.7776655
Amy Romero,61,039 Cody Squares Suite 173,Scottborough,Colorado,42030,86.288499,87.0005285
Amy Richards,33,6345 Larry Club Suite 312,Port Shelley,Vermont,82207,-60.379986,26.431518
Kimberly Miles,23,251 Palmer Tunnel Suite 252,New Valerie,Ohio,09343,102.725010,-80.9753895
Kristen Stewart,63,2404 Miller Pines Suite 254,New Sandra,Illinois,09506,34.969717,-0.864981
Michael Davis,65,48087 Choi Burgs Suite 697,Port Phillip,Arkansas,71690,-48.355740,-77.121978
Ashley Zhang,47,68723 Lewis Dale,New Kathleenbury,Florida,25680,-6.162038,26.358863
Tina Young,67,9937 May Canyon,Lake Danielberg,Kansas,99628,46.619388,74.0993115
Lauren Garrison MD,69,9645 Tracy Motorway Apt. 610,West Sharonland,New Jersey,70194,32.710279,88.407602
Monica May,19,2313 Mckenzie View Suite 650,North Veronica,Maine,10047,-61.947080,6.032356
David Lopez,79,3949 Reeves Stravenue,New Joseph,Minnesota,83551,-168.773100,30.729230
Lauren Hall,70,52870 Lopez Highway,Gambleville,Wyoming,77489,129.053016,-28.489547
Rebecca Baker,52,9824 Harry Underpass Suite 817,West Charles,Alabama,57939,-123.176088,48.470308
Scott Smith,41,496 Maurice Harbor Apt. 702,Weberchester,New York,41225,126.089745,-63.296901
Kelly Adams,67,74095 Hayes Course Apt. 720,Theresaport,Montana,66520,123.300494,89.9198745
Matthew Evans,49,4690 Kayla Flats Suite 234,Johnton,West Virginia,43865,92.262762,50.397536
Jennifer Hughes,22,9686 Ruth Islands,West Tammy,New Jersey,46739,36.048370,9.048255
Allison Wagner,21,58519 Meyer Brook,Brianchester,Washington,53857,151.243226,-71.030552
Jasmine Tucker,48,7896 Leslie Hill,West Bryan,New Jersey,55110,-168.970697,83.2866885
David Richmond,57,909 Zachary Passage,Wallacetown,Nevada,73818,26.965676,-76.310798
Brandon Miranda,62,9719 Frank Lake,East Darrellstad,Delaware,47016,-84.685319,59.476111
David Bailey,54,71328 Reese Trail,Frederickbury,Hawaii,95037,-61.161462,-6.0204145
Alice Myers,21,9617 Robert Spring,West Sharonside,Indiana,82898,-44.714946,-27.4202765
Kathleen Contreras,24,037 White Overpass,Ashleyside,Arizona,36451,101.719914,85.210953
Michelle Sharp,44,77404 Nichols Islands Suite 709,Lake Barbara,South Dakota,40289,-172.175426,7.492945
Patrick Hanson,18,1230 Jennifer Estate,Frenchport,Tennessee,92238,-136.418044,17.9171505
Clayton Lopez,68,5253 Rodriguez Mission,Suarezfort,Washington,97053,-118.549600,61.403901
Kristy Elliott,42,480 Valerie Roads Apt. 919,Lake Rebeccamouth,Wisconsin,16279,72.575030,21.6916145
David Cooper,74,3760 Villa Valleys Apt. 690,South Victoriashire,Alabama,08719,-178.214601,26.341869
Michael Moore,42,5491 Anthony Forks Apt. 829,Christophershire,New Mexico,47438,50.227357,-26.893835
Scott Johnson,75,54218 Reynolds Lane Suite 481,North Sharon,Washington,45659,71.694098,-33.7170015
Elizabeth Reilly,54,2548 Ingram Fort,Port Jennifer,Washington,56553,-10.257530,-61.267632
Stephanie Randall,46,998 Matthew Mount,Elizabethville,West Virginia,29548,-74.320612,-13.454772
Jared Brown,74,711 Smith Grove,North Brandontown,New Mexico,33458,-96.910817,-85.659581
Michelle Smith,64,153 Daniel Manors Suite 197,Port Leonside,Alabama,74890,-100.533472,58.513291
Kenneth Moss,66,0105 Jennifer Camp,Matthewmouth,Oregon,57622,-77.105339,59.449032
Michael Andrews,20,38348 Diana Causeway Apt. 360,New Sylvia,Colorado,58519,-165.267065,-19.548969
Martha Vargas,54,985 Holland Crescent Apt. 080,North Scottburgh,Delaware,31670,-86.101949,57.631390
Michael Clark,20,490 Janice Crescent,North Tracy,New Jersey,57327,149.071838,14.753650
Jose Solis,28,315 Archer Divide Suite 575,North Emilybury,Alabama,14500,-60.088839,-66.815362
David Wilson,75,305 Walker Center,North Amanda,Maine,69350,125.310422,1.532738
Stephanie Mckay,43,0954 Rogers Pike Suite 626,Hayesbury,Pennsylvania,85014,-53.457141,-81.6352215
Matthew James,61,256 Lloyd Pine,Lake Angelahaven,Florida,54730,24.557412,-53.696173
Marcus Griffin,33,001 Reilly Expressway,Reevestown,Massachusetts,43921,-147.731451,71.394833
Jason Carter,75,5105 Pamela Manors Apt. 962,Hintonton,Georgia,83914,138.392775,85.033968
Dylan Sparks,50,2744 Joseph Squares,South Hollystad,Wyoming,21859,13.922803,7.6016795
John Hudson,63,2072 Jeffrey Haven Apt. 564,Jasonview,Nevada,16797,50.747903,-68.805759
Ashley Khan,41,793 Gomez Gateway Suite 124,Port Tammyton,Illinois,57773,-30.813283,-44.255095
Mary Torres,29,28426 Simpson Neck Apt. 696,Kellyberg,Montana,95144,-112.536799,-33.1817835
Joy Reyes,27,9667 Monica Fall Apt. 687,East Crystal,Alabama,15216,-176.149702,-3.7947315
Seth Rodriguez,61,920 Joshua Mission,New Timothyside,Missouri,89269,57.154283,80.363182
Melinda Allen,73,5235 Kidd Park Apt. 014,Lopezton,Michigan,92542,-152.130542,44.5667275
Joshua Li,55,11185 Morris Avenue Apt. 895,West Margaretstad,Oregon,35536,79.989046,-78.861341
David Nunez,51,715 Kimberly Crossroad Suite 109,West Stacey,Mississippi,40477,131.837948,-22.247905
Jessica Hayes,47,19607 Smith Branch,Lake Julie,Hawaii,19173,156.200176,-21.4609405
Andrea Thompson,21,5933 Dunn Village Suite 230,West Shawnbury,Mississippi,01076,-73.441112,41.5960285
Megan Key,31,5828 Hogan Radial Suite 576,South Kevinshire,Rhode Island,87606,-141.655896,83.668739
Tyler Pittman,51,9729 Greene Brook Suite 913,Dixonville,Indiana,13880,27.499809,57.8361535
Cynthia Macdonald,70,11731 Willis Prairie,Tiffanymouth,Alabama,11843,102.518255,-84.4628405
Calvin Ramos,31,94645 William Street,East Earlside,New Hampshire,63621,-151.688312,47.475238
Trevor Michael,66,09715 John Walk Suite 752,Moralesfurt,Michigan,61691,69.613255,6.6047925
Nicholas Jones,46,329 Rodriguez Trail Suite 760,Mcneilbury,Iowa,79312,112.629636,-8.387846
Debra Baker,77,16335 Eric Falls,North Rhonda,Wyoming,20046,169.381325,-6.036645
Peter Jimenez,64,4544 Eric Vista Apt. 256,Harrisville,Washington,62391,112.076310,43.455447
Kristen Buckley,41,1708 Thomas Course Apt. 755,Dawnland,Michigan,87326,129.257726,30.5249725
Jerome Lewis,67,85027 Jordan Run,Port Lindaton,New Hampshire,60026,-66.918449,62.038955
Devin Williams,76,0235 Deleon Track Suite 726,North Patricia,Virginia,32540,127.395687,87.925998
Scott Taylor,72,0925 Kathy Fords Apt. 037,West Sheri,North Dakota,15741,-152.665153,-38.976559
Joanne Campbell,47,46263 Cochran Stream Suite 897,Clineshire,Florida,25052,11.818683,49.3350635
Laura Church,35,2220 Nicholas Isle,Port Michelle,Indiana,89167,168.268558,38.253091
Kevin Barajas,51,797 Kurt Port,Wilsonmouth,New Mexico,91662,-56.847355,41.5826755
Richard Martinez,32,2081 Sean Avenue Apt. 085,Campbellfurt,Oregon,51913,-37.554295,-27.884874
Lindsay Hess,26,360 Campbell Forges,New Tamarashire,Montana,42394,39.683013,45.3387715
Chad Campbell,70,940 Sean Dale Suite 843,Scottburgh,Oregon,53603,155.240882,27.0967545
Jessica Martinez,24,7080 Kent Pass Apt. 112,Lake Meredith,Iowa,55202,130.233933,38.163414
Heather Rhodes,43,32445 Kathy Shores,Joshuaborough,Ohio,95860,88.377231,78.7574785
Brian Lloyd,41,464 Christopher Turnpike,Danaport,Kansas,34809,-65.245107,-55.710619
Laura Potts,51,7824 Franco Meadow Apt. 896,Marchaven,Montana,91600,101.683682,6.7002025
Claire Howell,73,1841 Katherine Spur,West Donnaport,Tennessee,45344,-118.745795,78.2514795
Douglas Smith,68,53832 Webster Streets,Weaverhaven,Arizona,60727,-4.716681,54.2639355
Gabriel Escobar,44,8616 Hogan Keys Suite 470,West Leahberg,Virginia,42390,117.667019,7.522365
Samuel Robinson,57,56941 Sarah Route Apt. 533,East Mark,Louisiana,75168,81.650480,88.735924
Rebecca Gardner,80,366 Marshall Garden Apt. 090,New Ashleyville,Indiana,74528,120.841718,12.9882175
Robert Patel,63,577 Lin Fork Suite 227,Johnsonmouth,Montana,64329,-59.323767,88.0417025
Jason Rocha,62,3667 Maureen Manors Apt. 762,Markville,Maryland,04509,-61.579298,75.613193
Mrs. Dominique Hughes,38,0943 Christina Spur Suite 152,North Carriefurt,Maine,48586,-80.871903,-59.4360365
Miranda Williams,75,9064 Gregory Squares,Dawsonton,Connecticut,23622,142.588969,-55.5615835
Johnny Whitaker,22,5032 Sherman Parkway Suite 352,Port James,New Jersey,37391,-87.565620,-37.4320175
Javier Black,28,0522 Bradley Divide Suite 046,Johntown,West Virginia,42119,-78.893136,-30.0842605
Amy Zuniga,48,93248 Taylor Port,New Matthewview,Iowa,98818,84.762328,-25.826290
Stephen Valenzuela,21,775 Dustin Meadow Suite 948,East Douglas,California,32618,92.298149,74.3064525
Jessica Smith,39,3816 Daniel Mountains,South Lisaberg,Maine,51454,-153.763308,-15.268381
Marie Rivas,80,97955 Mandy Parks,Kimberlyport,Pennsylvania,79471,-144.270177,67.5925465
Patricia Rodgers,71,57606 Michael Pine Suite 400,New Karlport,Idaho,30957,36.349711,-34.783273
Vincent Mcmillan,31,09680 James Pine,Rhondafort,Tennessee,38641,-55.945920,5.4187425
Victor Maldonado,45,020 Mcintosh Station,West Richardchester,Arizona,31360,-164.422769,-37.9192375
Michelle Cruz,61,44856 Rios Station Suite 357,Hughesborough,Oregon,89506,-132.720805,-25.3671485
Gary Griffin,76,1210 Lauren Mountains,Kellybury,New Hampshire,97635,167.365428,-78.512338
Bryan Woodard,20,112 Alexandria Centers Apt. 844,Robertmouth,Rhode Island,20479,-82.394442,14.5303015
Anne Arnold,53,42070 Flores Bypass,Port Mark,Iowa,15035,-10.029923,9.929122
Oscar Cobb,70,449 Walsh Fort,Garyside,Iowa,68175,-126.355349,-37.608008
David Butler,23,051 Michael Vista,Amberville,Georgia,32306,163.684266,8.9152305
Wendy Jensen,52,000 Rebecca Gardens Suite 201,New Amybury,Nebraska,05928,55.940124,2.7130925
Nicholas West,40,96115 Joe Village Suite 294,East Christopherstad,New Hampshire,06144,99.952499,-21.2190475
James Patton,40,77117 Jesse Camp,Robertport,Oklahoma,19929,-145.195275,0.707575
Michael Guzman,42,4988 Jackson Estates,Lake Ronaldfort,Georgia,87734,19.323871,33.7427825
Alexis Francis,73,49408 Reed Trail Apt. 483,Camerontown,Hawaii,22409,110.608058,68.1187045
Jason Munoz,20,74097 Rodriguez Estates Suite 624,Williamschester,Missouri,80038,-43.457815,-10.6338545
Nicholas Lopez,21,56178 Mcguire Way,Campbellville,Oregon,39412,78.286136,33.223477
Jorge Bruce,66,421 Robert Park Apt. 059,Laurenport,Tennessee,15332,-98.015176,23.174965
Julie Martin,73,599 Gary Burgs Suite 785,Yolandahaven,Virginia,65307,-166.046563,60.336212
Julie Davis,77,671 Patricia Hills Apt. 371,Vaughnstad,Virginia,81642,35.071707,-70.9754295
Kelsey Jarvis,66,73960 Sean Village,Lake Erica,Rhode Island,97261,98.295387,-17.809554
Adrian Brown,29,4114 Gallagher Groves Suite 333,Johnsonview,Idaho,86265,-123.649049,-72.337525
Thomas Davis,36,8383 Harrison Estate,Anthonyville,Utah,62680,-23.405484,72.835407
Carla Diaz,49,8933 Karen Drives Apt. 463,West Sheila,Iowa,67663,-92.750864,34.947293
Jill Ford,68,2434 Miller Forks Suite 768,South Ericmouth,Oregon,66575,-33.851549,44.2400195
Lisa Barnes,65,43037 Caldwell Ports Suite 781,Fosterberg,Montana,41872,-157.038977,18.8292455
Nicole Torres,61,073 Angelica Passage,East Kelseyville,Missouri,33302,-11.955275,0.053588
Trevor Cox,66,78259 Schroeder Streets Apt. 077,Lake Jennifershire,Missouri,40778,159.364567,-60.194421
Katherine Branch,40,2396 Thomas Wall,East Albertshire,North Dakota,62299,34.853569,-57.5372895
Leslie Campbell,77,17224 Gerald Loop Apt. 971,East Seth,Minnesota,17890,-68.308602,-31.745295
Theresa Martin,76,51333 Peterson Green Suite 011,Yateston,Vermont,04816,102.126598,89.8885555
Julia Allen,20,7602 Lara Port,West Jesusside,South Carolina,06058,175.810890,21.0420905
Philip Price,60,052 Moreno Harbor Suite 815,Walkerview,New Hampshire,71542,129.102407,-74.6476685
Karen Oneill,53,8495 Glenn Summit,Lake Lisa,Maine,39710,25.144805,-80.540089
Eric Saunders,76,78946 Justin Street Apt. 049,Port Jonathan,Nebraska,69101,165.729881,35.940468
Jeremy Ward,37,463 Priscilla Ford,Kenttown,Connecticut,92921,-173.021081,0.282340
Ashley Kemp,64,6588 Weaver Creek Suite 357,Davisshire,South Dakota,61569,-52.083405,-7.1704195
Brandon Smith,72,048 Boyd Trail,Lake Tracy,Florida,46083,-96.872400,80.774173
Bruce Mcmillan,72,307 Flowers Motorway,Kellyburgh,South Carolina,04411,94.064791,-58.6199025
Benjamin Vaughn,21,485 Keith Fields Suite 326,Hannahville,Oregon,64385,84.661974,3.5294025
Michael Todd,79,0905 Monica Plaza,Yatesmouth,Alaska,07630,-53.935478,-61.120005
Denise Meyer,45,029 Gutierrez Springs,Sharpton,Virginia,36740,-53.696882,-13.161907
Tyler Edwards,38,11660 John Plaza,Jordanchester,Alabama,76209,148.351172,53.2693065
Daniel Hunter,35,9348 Boyd Keys Apt. 600,Lake Charlesburgh,Alabama,14532,22.187887,76.1503925
Douglas Wong,33,2292 Flores Cliff Apt. 377,East Danny,Connecticut,21584,100.781825,25.787121
Jordan Rios,52,72178 Martin Cliffs,Harrisfurt,California,37977,-24.434087,76.3417005
Rebecca Johnson,43,39474 Christopher Ports,Cuevaston,Iowa,54142,-57.917590,29.9850355
Eric Waters,40,41250 Brianna Corner Apt. 287,Josephfort,Arkansas,20525,-158.041481,28.0635485
Brett Hall,74,91493 Gonzalez Summit,Vincentland,Pennsylvania,14736,81.553494,89.297771
Amanda Woodward,72,4884 Singh Mill Suite 974,Vaughnberg,South Dakota,02127,177.893398,-45.8556235
Jennifer Hernandez,52,07876 Joshua Port Suite 503,Lake David,Delaware,41239,-42.276876,-33.5764395
Travis Steele,35,4797 Rodgers Mission,Port Robert,Illinois,01049,-168.718321,-61.976613
Philip Velazquez,42,126 Kelly Hollow,West Anna,Utah,19109,61.410986,-61.9021525
Richard Miles,61,6921 Reid Freeway,Danielchester,Oregon,50741,-45.110776,-15.534471
William Reeves,31,899 Thomas Meadows Suite 750,Mariaburgh,Wyoming,77561,-106.290883,61.496028
Timothy Schmitt,45,44035 Smith Manor,East Robert,Colorado,17254,-106.972561,29.3021555
Jennifer Taylor,60,2386 Miller Parkways,Douglasberg,Arkansas,42148,-31.626276,-80.5831415
Pamela Bowers,64,89762 Omar Drives Suite 563,Gregoryville,Arkansas,23144,157.014079,-30.140374
Christopher Saunders,73,0367 Torres Glen Suite 582,New Jeremyfurt,Washington,45570,24.497263,-20.639016
Michael Owens,70,72370 Deborah Crossroad,Wilkersontown,Arkansas,01112,-125.287616,-22.987732
Karen Wheeler,35,465 Simmons Greens Apt. 221,South Drew,North Carolina,23633,-16.176526,-62.479669
Chris Hodges,53,880 Trujillo Ranch,Mooreshire,Mississippi,30621,-135.372235,-53.950614
Patricia Roberts,73,7001 Jordan Mews,South Shannonstad,North Dakota,00717,69.711720,-79.9204375
Frederick Schmidt,32,811 Medina Hills,Sanchezmouth,Tennessee,95325,66.656058,89.172773
Andrew Johnson,44,63465 Bryan Shore,Johnsonville,Michigan,97998,160.503572,-44.7370235
Veronica Henderson,39,21248 Tina Ridges Suite 745,Jennaville,Illinois,26720,70.583885,-13.681575
David Robinson,75,555 Juarez Prairie Apt. 066,Whitemouth,North Carolina,20545,116.482097,9.9635175
Rickey Arnold,61,9016 Danielle Burgs Apt. 875,Tuckerberg,Pennsylvania,27039,80.056335,62.3229355
Michelle Andrews,78,90224 Daugherty Mountain Suite 322,Lake Dannyport,Utah,33709,-107.014495,87.614270
Dr. Jason Boyd,24,92395 Melissa Key,Shawtown,Pennsylvania,98244,51.754874,3.132445
Melissa Bradshaw,45,36913 Taylor Ville Suite 020,North James,Arizona,68698,-9.370631,-48.750894
Trevor Hill,41,71355 Ashley Turnpike Suite 566,Meganbury,Maine,57622,-164.666884,-9.288567
Sara Mills,51,45725 Elizabeth Lights Suite 684,North Jamesport,North Carolina,97564,-148.208952,-62.559944
Kathleen Jackson,59,53794 Black Place Apt. 005,North Sherryfort,Louisiana,55602,-63.022090,12.595993
George Little,65,6861 Daniel Estate,New Steven,Pennsylvania,88084,-91.222490,2.7911115
Micheal Russell,78,27143 Andrew Courts,Lawrenceberg,Massachusetts,46613,-107.085579,35.7712085
George Cervantes,28,71706 Chelsea Tunnel,Port Kenneth,Delaware,55294,-125.286047,48.753675
Emily White,65,642 Julie Crest Suite 071,New Jimmy,Connecticut,82619,-97.896454,-44.4645685
Chad Sutton,62,6320 Debra Trafficway,Lake Erica,Washington,26934,-1.647348,20.4722935
Jon Graham,70,8064 Mccarthy Green,Christinemouth,Montana,54576,-11.444162,-31.1918085
Jim Harrington,57,5653 Joanna Forest Apt. 426,Port Daniel,Wisconsin,39663,-13.459755,85.762318
Ricky Collins,35,1167 Beck Throughway,Jeffburgh,California,92863,-83.757374,17.528993
Miranda Tucker,40,812 Mills Flats,Willisfurt,Maryland,50711,176.643115,-29.6153195
Steven Knight,48,129 Fisher Inlet,West Nicholasport,Kansas,34208,-32.077744,-88.4264655
Amanda Caldwell,23,18301 Davis Alley Apt. 162,East Stephanie,California,95581,-119.192659,-6.724111
Mark Moyer,20,062 Johnson Heights Suite 830,New Evan,Louisiana,62554,-101.266812,84.2450135
Jim Ward,20,5618 Murray Oval Apt. 494,North Rebecca,North Dakota,64806,10.946826,23.4728725
Lauren Thomas,46,8655 Ferguson Springs,Walshland,New Jersey,68588,-7.946371,20.4074435
Maria Bryant,33,538 Rojas Loop,New Brianhaven,Massachusetts,73839,-40.301866,87.176436
Jenna Parks,30,661 Craig Walk,Johnsonborough,Florida,20703,40.930339,27.816142
Stephanie Bautista,54,856 Fuentes Vista,Malonechester,Mississippi,27228,-11.401428,23.107073
James Wright,40,0492 Samantha Circle Suite 760,South Chaseview,New Jersey,26698,-50.352082,89.3034915
Andrew Nunez MD,66,43055 Cruz Gardens,East Tina,Utah,23877,173.503660,-40.418031
Gabriella Cochran,21,79996 Michelle Greens Suite 328,Jessefort,Delaware,20451,-41.234125,-63.6758435
Tyler Phillips,20,693 Rivers Island,West Kimberlymouth,South Dakota,09178,70.337343,79.1701105
Timothy Young,51,4675 Tyler View Suite 378,Sandovalville,South Carolina,05808,-168.009553,22.439733
Timothy Black,70,92679 Sean Branch Apt. 849,Kevinbury,South Dakota,46549,156.383359,-8.9502525
April Smith,49,5143 Wesley Pine,North Robertshire,Rhode Island,23958,43.841353,-60.4644035
Monica Bartlett,45,93936 Patricia Lights Apt. 220,Margaretborough,Idaho,64589,84.421939,69.882325
Rebecca Garcia,52,269 Kaitlyn Passage,North Staceyport,Maine,16065,-27.938080,24.5995835
Brooke Gallagher,56,64626 Evan Mountain,Lake Stevenborough,South Carolina,45357,87.153428,-17.822643
Lisa Gilbert,80,2391 Williams Pike Apt. 418,Allisonmouth,Mississippi,28995,-0.619611,12.139780
James Smith,68,143 Andrea Turnpike Suite 216,East Curtis,Washington,82147,-100.584472,77.9125205
Zachary Hunter,35,9168 Lloyd Ports,Jonathantown,Delaware,74834,-8.070183,-29.680617
Ms. Dana Hanson,49,5423 Emily Course,West Nicholaston,Virginia,93242,-27.978026,-71.1589415
Mary Jackson,45,6077 Craig Station Suite 084,North Helen,Rhode Island,39178,33.526021,41.2635435
Derek Harrison,77,1817 Brown Ville,Scottshire,New Mexico,67012,-13.766113,0.839357
Jacqueline Price,18,6121 Ashley Parkways Apt. 347,Phillipsville,Vermont,28098,138.093491,84.624318
Amanda Mcdonald,40,9063 Stanley Green,Patriciaport,Maine,01315,106.188411,-81.4371575
Michele Nelson,79,3564 Moreno Mission,Allenton,Idaho,69212,-101.497559,-28.885096
Joseph Rodriguez,18,0193 Walker Shoals,Ayersmouth,New Jersey,46181,-125.881336,47.8783825
Shannon Gardner,75,138 Jennifer Keys,Savageview,Maryland,05884,-90.764742,-21.2984855
Dana Cardenas,24,0964 Smith Terrace,Robertsonbury,Hawaii,43051,-93.894246,-42.4893555
Angie White,53,09228 Patricia Run Suite 825,East Manuel,Kansas,67174,150.197421,58.967638
Kenneth Carter,78,789 Jason Field,Sheilastad,Maine,01500,-51.056327,86.6785385
Jose Lowe,48,75073 Donovan Canyon,Ortizport,Florida,68094,171.082012,39.844895
Shirley Elliott,53,656 Jenny Camp,Evanschester,South Dakota,82693,4.354875,12.359432
Stephanie Williams,50,846 Thomas Loaf,Christianburgh,Minnesota,64787,100.709383,-20.8038145
Lawrence Miller,76,5704 Kathleen Path,New Tyler,Arkansas,15991,114.050100,42.338817
Zachary Lewis,78,2085 Thomas Turnpike,South Melanieberg,Hawaii,02450,129.343014,-51.273668
Ashley Shepherd,23,136 Rodgers Glens Suite 858,New Glenda,Alabama,17320,100.114047,-47.139213
Dustin Armstrong,48,283 Mitchell Lane Apt. 130,Kaiserfort,California,72140,35.125938,4.1084675
Adam Johns,26,29259 Jose Causeway,Flemingview,Oklahoma,43176,-160.141599,-76.3874125
Michael Wilson,80,61478 Patricia Fords,New Crystalborough,Nevada,99106,-137.881051,30.900434
Ronald Morgan,19,728 Anderson Hills Suite 013,Paulmouth,Michigan,41085,45.810464,-76.4278805
Kevin Valencia,56,6740 Ashley Squares Apt. 769,East Sandy,Utah,45062,-23.510572,61.8755415
Glenn Mitchell,28,7535 Cynthia Garden,South Katelynchester,Iowa,44098,162.515700,53.6455145
Joseph Conrad,50,763 Gomez Garden Apt. 723,Port Cheryl,Florida,36365,-118.906170,30.7997135
James Thomas,36,45647 Montoya Grove,Jacquelinehaven,New Mexico,25130,-92.884743,49.6632365
Krista Williams,54,667 Christopher Fork Suite 862,East Kayla,Washington,07450,-15.248381,64.461625
Daniel Hughes,69,1945 Sherri Motorway Suite 205,North Monicaville,West Virginia,65312,-50.150072,43.419581
Christine Matthews,76,02760 Christopher Squares,Schroederville,Wisconsin,37855,-78.936786,12.544962
Maria Lee,72,66053 Roger Harbor Apt. 000,Marthahaven,Washington,13955,-103.260520,-32.441935
John Rogers,55,4575 Logan Rest Apt. 345,Portermouth,Florida,07832,-117.572440,-22.220613
Logan Barnes,56,0685 Frank Springs Apt. 392,East Susan,Pennsylvania,51526,132.543297,68.948925
Catherine Rogers,48,069 Wolf Plaza,North Dawntown,Minnesota,93368,-139.574811,38.879811
Stephanie Scott,60,87464 Day Light Suite 231,East Rachel,West Virginia,73729,26.464745,49.3282335
Dr. Michael Simmons,44,656 Winters Brook,Courtneyshire,Rhode Island,96719,-166.192213,68.275075
Carl Fisher,47,63254 James River Apt. 329,Shawbury,Nebraska,86084,-5.438840,9.386274
Robert Bennett,43,1201 Jodi Shore,South Richard,Iowa,96115,131.111787,-51.159201
Nancy Gonzalez,47,2049 Clark Overpass Apt. 184,Rebeccafurt,Texas,25062,45.113624,-28.233302
Ashley Rogers,38,95046 Jill Burg Apt. 327,Bakerfort,Florida,95026,-93.050932,6.488746
Stacy Jackson,74,825 Nicole Junction,Lake Sara,New York,94543,129.392802,1.7387865
Ashley Morgan,50,988 Jeff Fields Suite 744,Georgeville,Colorado,22463,55.247661,61.3222225
Joseph Mcknight,25,6495 Kevin Pike,Wesleyview,Alaska,19606,-46.844760,44.1408045
Amanda Reed,62,2813 Caroline Wall,Adamhaven,Georgia,72794,115.443358,-21.3191455
Barry Frey,76,2870 Melissa Drives,Ronaldport,Kentucky,55165,-83.463935,61.636106
Amanda Robbins,77,64667 Campbell Neck,Dyerton,North Dakota,89119,-128.885734,-73.0182225
Timothy Keith,30,210 Kayla Dale Apt. 665,Michaelberg,Connecticut,76453,-101.944963,-12.7555565
Keith Bryan,24,8866 Gonzales Plains Apt. 507,South Davidborough,Tennessee,72258,-80.664785,38.4184675
Tyler Humphrey,31,1073 Janet Tunnel,North Chadland,Arkansas,65185,-137.098817,-25.3895605
Margaret Woodward,78,6789 Reyes Pass Suite 783,Billyview,New York,31265,101.609962,-64.150920
William Blackwell,27,667 Burgess Junction Suite 548,Whiteborough,Illinois,80588,-68.300606,-11.439587
Tammie Miller,78,6817 Felicia Harbor,North Tracyview,Michigan,06980,-131.680670,36.820863
Amy Jackson,44,385 Miranda Isle,Kimberlychester,West Virginia,01905,-11.696968,-6.0217695
Jeremy Brown,19,24779 Scott Via Suite 379,Khanberg,Nevada,30685,107.111419,-87.6144785
John Hatfield,28,994 Nelson Gateway,Rogerhaven,Delaware,23010,106.560180,54.3034465
Mr. Michael Anderson,40,6597 Coleman Trail,Sawyerview,South Dakota,03786,-163.777883,79.058710
David Thomas,59,315 Huff Ferry Apt. 482,Port Vanessaton,Tennessee,54125,-121.633224,34.0398815
Chelsea Richards,70,268 Hanson Shore,Lake Juan,Kentucky,59132,-87.915311,-36.488428
Madeline Hubbard,29,12640 Morse Common Apt. 958,Hernandezhaven,New York,39849,158.095948,-10.855442
Andrew Logan,73,6082 Kristen Neck Suite 754,Phamshire,Iowa,43622,172.452648,-51.5002165
Belinda Jackson,67,0750 Werner Centers,Patelport,New Mexico,05144,33.525600,-44.216878
Melissa Harvey,53,2780 Carr Locks,New Jessica,New York,04417,-40.267884,-17.3682445
Brian Robertson,79,27155 Beverly Valley Apt. 021,Port Brandonmouth,Connecticut,50107,179.231378,-70.1410035
Marie Ross,57,4389 Tina Shoals,Shaunfort,West Virginia,95939,-155.252578,67.503779
Candice Gonzalez,53,4405 Christopher Highway Apt. 400,Patriciaton,Wisconsin,04749,17.019324,-72.3275345
Jennifer Hanna,37,5371 Stevenson Forge,Emilyburgh,Hawaii,82104,-82.094762,14.2954195
Kimberly Rocha,66,72833 David Harbor Apt. 831,South Elizabethfurt,North Carolina,99460,-172.910937,-56.5588805
Mrs. Vanessa Thompson MD,63,1441 Rodriguez Creek,North Brianshire,Iowa,57218,-179.018840,-38.9209135
Derek Bartlett,51,17612 Cunningham Parkway Apt. 780,Port Isabel,Tennessee,25298,-151.492167,-8.073018
Danielle Proctor,45,76324 Miller Via,Port Karen,Virginia,61213,89.240188,9.6020555
Matthew Woods,51,95731 Phillip Squares,Lake Mitchellstad,Washington,56124,44.038887,-69.4183015
Kristen Medina,75,548 Joyce Squares Apt. 175,Lake Shellybury,Wisconsin,26558,-48.114190,-32.4429395
Paul Martinez,39,2051 John Cliff Apt. 729,Port Melvinburgh,Washington,07559,38.985413,59.820550
Samuel Figueroa,40,87309 Wilson Course Suite 132,Port Davidberg,Louisiana,12617,7.471458,74.4218235
Brian Rose,37,354 Nichols Freeway,Blackburgh,North Dakota,45376,10.636473,-66.336271
Ray Garrett,19,82789 Brandi Parkway Suite 586,New Nathan,Kentucky,77519,74.165715,-86.5360195
Martin Roman,72,71662 Hamilton Island,New Johnport,Hawaii,55651,-43.909264,-2.480880
Devon Mitchell,62,70670 Ronald Green,East David,Nebraska,74170,113.411167,-31.4879205
Heather Miller,43,56555 Powell Bypass Suite 548,Greenefort,West Virginia,83085,92.324885,45.859138
Earl Walker,25,143 Donald Stream,North Nicole,West Virginia,60230,68.411255,18.4766195
Richard Alvarez,72,234 Jeffrey Terrace Apt. 099,Huntside,Kansas,56795,-52.836300,-79.288434
Kristen Lopez,67,83345 Kevin Route Suite 690,Lake Marie,Colorado,27898,80.684348,-13.526996
Henry Martinez,22,137 Jones Square,East Bobby,Illinois,77952,91.466454,62.690101
Beth Johnson,58,86451 Marshall Expressway Suite 688,North Nicoleport,Maine,75899,176.540731,87.095831
Darren Chavez,54,55325 Christian Square,Jessicaside,Tennessee,10158,54.522959,31.034649
Dawn Harrison,49,83647 Elizabeth Hill Apt. 465,Pattersonland,Tennessee,15754,-99.667153,-46.027406
Tyler Thompson,39,684 Johnson Pike Suite 879,West Ryanshire,Minnesota,58559,-107.400885,-18.529141
Samantha Perry,45,007 Barker Hollow Apt. 044,North Laura,North Dakota,37550,6.967364,59.481635
Cynthia Bryant,68,4518 Sean Coves Apt. 388,Kevinview,Florida,09347,-46.944493,-38.628573
Alexandra Morgan,80,25114 Klein Island,Shaunborough,Connecticut,90803,-73.565112,-43.4474575
Antonio White,32,504 Dunn Route,North Megan,Florida,93072,155.575289,-72.987990
Stephanie Armstrong,38,97709 Gould Forge,Smithfort,Iowa,26076,64.456704,-68.0601735
James Thomas,33,698 Olsen Island,Davisbury,Indiana,15468,-109.801874,-72.8647795
Donald Hinton,57,78594 Paul Loaf Suite 999,Derekfurt,Kentucky,71581,-125.127340,74.198725
Hannah Myers,71,41817 Lawson Trail Apt. 917,New Ronald,Iowa,49430,-68.363729,55.2861715
Jennifer Perry,43,43662 Fischer Unions Apt. 916,Port Daniel,North Dakota,59143,63.682051,85.291927
Sabrina Andersen,25,8508 Petersen Skyway,Lake Melissashire,North Dakota,81440,48.412665,-22.5338125
Paul Hernandez,67,761 Kaufman Island Apt. 792,Port Michaelside,Connecticut,10337,148.855076,82.132807
Warren Smith,57,68573 Lisa Knolls,Port Adamberg,North Dakota,47269,-1.533654,25.8202115
Gloria Becker,57,8916 Odom Junctions Apt. 992,Deborahtown,New York,75409,53.154400,-38.017719
Raymond Allen,23,6628 Sandra Meadows,West Laurashire,California,29657,-120.052020,10.751306
Jeremy Davenport,38,17941 Monica Estates Apt. 286,West Christopherbury,Kansas,28603,54.376120,14.9685385
Elaine Kane,49,14501 Best Motorway Suite 443,Jamesshire,Minnesota,06336,44.368910,-5.3520015
Heather Moran,61,24178 Lori Camp,Lake Edwinhaven,Colorado,55145,-33.674892,-27.212917
Roger Mason,60,146 Lee River,West Maryport,Missouri,37116,125.069852,-60.222161
Brian Campbell MD,23,446 Lauren Run,West Kelly,North Dakota,83863,92.545955,19.1968755
Victor Roth,46,077 Smith Garden,Riceberg,Michigan,13942,-29.790096,-81.0606825
Melanie Lee,62,97384 Preston Groves Apt. 845,Lake Christopherhaven,Alabama,21040,0.092807,-52.485732
James Munoz,79,9199 Michael Dam Apt. 721,Kennethside,Maine,53333,134.304980,2.2161935
Rachel Grimes,23,1509 Bradley Orchard Suite 334,West Johnshire,Iowa,77816,16.800999,83.2243225
Elizabeth Singleton,24,49478 Meredith Mall Apt. 461,Michelleshire,Wyoming,70022,103.850561,-13.650060
Kimberly Keller,42,6078 Rachel Valley Apt. 820,New Bobby,New Mexico,04709,-112.478340,-45.3793065
Justin Ward,78,0443 Ashley Inlet Suite 850,West Heathermouth,West Virginia,83744,101.239767,-66.164357
Kelly Gonzalez,21,186 Bauer Ridges Suite 392,South Brian,North Dakota,16309,30.180012,48.3725115
Brandy Arnold,21,59229 Moore Rest,Fowlerhaven,Oregon,25543,-22.249083,61.255016
Anthony King,58,903 Kristi Ferry Apt. 872,Lake Jerry,Idaho,88951,-178.088200,7.8919335
Pamela Roach,38,43719 Perkins Curve,East Shannon,Michigan,60561,41.122428,8.8926495
Frances Walker,26,66051 Rhodes Track,Port Eileen,Arkansas,18987,-139.961588,23.3786175
Julie Osborne,28,190 Foster Roads,Gonzalestown,Missouri,03740,-47.556874,-73.5257845
John Lucero,57,685 Sherri Island Suite 744,New Susanton,Mississippi,54636,160.913115,-75.351740
Michael Rollins,25,132 Sarah Forges,East Colin,South Dakota,14657,-55.844569,-13.634126
Maria Simmons,62,45186 Daniel Walk,Martinezport,Wyoming,34415,-102.944003,-23.8886455
Mary Aguilar,33,30401 Davis Manors,South Nicholas,North Carolina,11751,179.255085,6.675920
David White,54,0159 Stephanie Tunnel Apt. 842,Michaelton,West Virginia,92359,-112.950028,27.5264095
Charles Miranda,48,0968 Drake Square,South Linda,West Virginia,93734,143.724720,-52.5951585
Christopher Glass,18,3718 Mcdonald Port,Ingramland,Utah,85315,147.591790,54.519512
Nathaniel Reed,65,2361 Danielle Crest Apt. 687,Mistychester,Massachusetts,77556,51.043633,-28.626103
Michael Walton,31,90869 Kimberly Mountains,Potterborough,Oregon,06511,-68.773474,-62.555217
Seth Santos,64,86508 Smith Junctions,Tanyaland,New Hampshire,67726,25.741339,-12.553469
Stephanie Williams,33,51767 Aaron Pike Apt. 345,Duncanfurt,Vermont,12670,-18.784394,-26.740179
Lawrence Allen,50,2904 Brent Square Suite 442,West Crystalshire,Louisiana,33234,-120.796995,-50.747418
Janice Bolton,62,895 Angela Highway,Floresfurt,Hawaii,96007,-35.221450,-8.0904545
Amy Stone,70,22268 Wendy Mountain Suite 259,Maryton,Hawaii,29542,92.240182,41.7110025
Richard Thompson,26,523 Cassandra Junctions Apt. 703,North Jameshaven,Montana,86765,-71.370034,62.990772
Lacey Ramirez,63,52604 May Alley Apt. 520,Monicafort,Texas,59395,-18.327376,-49.142673
David Allen,53,41092 Katherine Stravenue,Port Evan,Vermont,05742,-44.865166,-55.8223495
Jessica Long,73,7313 Nunez Loaf,Velazquezville,Connecticut,31461,114.224562,32.678745
Susan Hayes DDS,68,304 Lauren Ramp,New Paulaville,Virginia,86875,148.560757,46.7725975
David Taylor,19,5250 Scott Isle Suite 396,Hollymouth,North Dakota,33693,-87.583936,-9.6418415
Christopher Pearson,46,76087 Griffin Creek,Lucasfort,Hawaii,56537,-29.395707,-68.6548805
Kevin Harvey,51,336 Alexandra Squares Suite 462,West Connorland,South Carolina,62051,-94.453810,56.763097
Jeffrey Perry,25,4536 Warner Row Suite 823,Moniquestad,Michigan,93599,-160.141653,27.990926
Sierra Archer,28,525 Adrian Village Suite 055,Stevenshire,New York,66165,63.187297,84.6244955
Marvin Ellis,46,20984 Davis Parkways,South Nancyberg,South Dakota,71675,162.379147,-40.420005
Brittany Hurst,25,4385 Lisa Knoll Suite 530,Mitchellview,California,91567,107.688464,18.9513775
Emily Williams,71,355 Blanchard Mission,Carterfort,Alabama,98806,104.181961,41.907936
Taylor Scott,70,094 Bonnie Squares Apt. 186,Port Natashamouth,Alaska,42454,-115.939436,21.890582
Bradley Rodriguez,71,01795 Jones Fords,East Jessicamouth,Missouri,93194,-105.926366,89.247917
Mary Shaw,41,86736 Brian Fords Suite 295,New Nicoleton,Virginia,58678,17.368309,-83.405282
Michael Barker,35,1598 Douglas Island,Nicholsontown,Pennsylvania,68715,60.924335,21.209199
Jasmine Kirk,69,89431 David Freeway,Sullivanland,Illinois,42722,-24.859616,-74.023338
Jeremy Carlson,66,4203 Sandra Mills Suite 864,Amandaland,Oregon,64923,21.517912,-22.7481055
Austin Marquez,44,0225 Ramos Junctions,Lake Jamesstad,Ohio,39762,138.142183,-28.872649
Arthur Jones,71,999 Warren Cliff,Ariasview,Utah,61666,-163.150688,-14.2231065
Justin Collins,53,236 Mathews Bypass,Ericksonton,Nevada,97575,120.751131,-3.8599905
Nicole Pratt,32,188 Krause Plain Suite 008,Rhodesstad,Kansas,96815,-59.844439,43.631032
Randall Smith,52,23849 Aaron Port Apt. 827,Lake Catherineshire,South Dakota,41399,16.670099,-26.7257445
Robert Guzman,30,60310 Megan Ridges Suite 305,Alexanderfurt,Washington,64983,-19.012836,5.218599
Jonathan Smith,73,1141 Ford Prairie,Sullivanland,Vermont,36623,156.879569,-80.5147385
Douglas Wright,46,733 Jessica Creek Suite 845,Muellerbury,California,30881,48.504536,-14.686865
Brianna Freeman,45,550 Melanie Rue Apt. 212,Debraview,Indiana,33719,-17.149173,57.2971585
Theodore Avila,61,418 Dean Camp,Davisland,Vermont,90415,166.176950,-47.9055055
John Hudson MD,38,0644 Andrew Mills Apt. 303,Ebonystad,Arizona,52569,78.347600,-44.889465
David Ware,50,680 Cardenas Streets,Davidland,Maine,35492,-88.518774,-35.145708
Veronica Moss,78,486 Christian Burg Apt. 728,Meyerland,Wyoming,91761,-91.196892,-53.8860405
Sarah Sheppard,72,45123 Debra Divide,Coxview,Arizona,21406,-55.374524,64.3459275
Jennifer Clements,33,49331 Robert Pike Apt. 379,Watersview,New Jersey,20279,-159.739273,-59.2529445
Mark Meadows,21,1156 Romero River,Westton,Arizona,73218,-91.259082,78.775109
Michael Stevens,33,7188 Knight Mission,South Amandaport,Wisconsin,30701,-115.874870,-62.2837485
John Thompson,63,13982 Peter Camp Apt. 318,Bradleyborough,Idaho,35251,150.818021,-30.249985
Danielle Richardson,27,22367 Kimberly Stream Suite 566,Port Jordanmouth,Wyoming,98056,-179.198503,-47.1422365
Carrie Nguyen,35,06196 Richard Spring Suite 664,Juliechester,Oklahoma,52708,-31.712322,31.876328
Julia Zimmerman,75,114 Montoya Islands,Port Alexandra,Alabama,12906,96.831478,-4.2157105
Johnathan Hamilton,31,8093 Antonio Field,Garrettton,Nebraska,17729,-9.818139,51.3585245
Veronica Hall,76,0105 Phillips Inlet,Lake Tiffanyfurt,Utah,44163,74.697550,-8.184846
Rebecca Watkins,60,3437 Garner Mountain,Port Dianeton,West Virginia,66919,63.225657,41.8854485
Julia Bradley,45,223 Jenny Ports Suite 437,West Frankville,Connecticut,04337,-4.862303,-56.151224
Amanda Watkins,27,20106 Matthew Via Apt. 300,Brandonhaven,Massachusetts,95477,161.443397,13.745776
Kristina Richard,33,61837 Blair Extensions Apt. 489,Yutown,Maryland,30718,10.843532,37.326777
Ms. Melinda Stokes,74,895 Justin Motorway,Jenniferhaven,Pennsylvania,85688,153.612477,74.7417595
Joshua Moreno,67,9543 Amber Point,Port Michaelside,Ohio,11758,-93.932533,-31.410088
Gary Wells,77,668 Lauren Knoll Suite 999,New Megantown,Washington,89940,82.922625,-77.6687455
Steven Mathews,25,314 Douglas Roads,Wrightfort,Oklahoma,66208,91.943733,17.6396205
Gina Hoffman,60,15146 Harrison Wall,Pamelaport,Rhode Island,72254,18.913583,86.614508
Emily Alexander,46,6658 Henderson Ridge,South Lindsay,Illinois,55689,45.895876,-7.296493
Travis Collier,57,39119 Fisher Radial,North Jenniferhaven,Utah,44739,-88.985004,-15.271924
Robin Ochoa,37,41756 Suarez Pines,West Angela,Arkansas,48729,-65.495684,-81.994587
Amy Lopez,73,543 Ryan Turnpike Apt. 786,Smithmouth,California,22761,9.541874,58.968239
Christopher Rogers,54,00004 White View Apt. 050,Jenkinschester,Wisconsin,08997,57.986487,-19.4802745
Sarah Francis,36,5751 Daniel Unions,South Marvin,New Mexico,09150,113.762102,-80.224864
Anna Payne,71,6471 Terry Shoal Apt. 129,Michellehaven,Nebraska,01832,56.283682,44.489646
Robert Reyes,69,6208 Sherman Crossroad,Lewisview,Hawaii,92658,-82.546350,-55.1047385
Rita York,18,431 Howard Road,Port Darrenport,Mississippi,69137,-45.565329,85.400828
Susan Floyd,30,617 Vanessa Greens,Simmonschester,Oregon,11483,-121.588814,25.1671785
Jackie Burke,75,03385 Richard Brooks,East Anthonyfurt,Louisiana,51578,-51.107177,-25.678095
Christopher Austin,57,69054 Kenneth Tunnel Suite 226,North Bethanystad,Wisconsin,52408,149.399343,-28.4358135
Thomas Huff,47,8384 Jessica Drive Suite 378,Annettechester,Oklahoma,04597,69.535438,57.8782485
Lauren Mann,75,864 Paul Well,South Todd,West Virginia,14725,147.880984,-88.8778295
Katie Martinez,76,067 Suzanne Forge,Meyerside,Michigan,28919,-170.269685,-9.1568585
Steven Rangel,35,9321 Brandon Glen,Lorrainehaven,Wyoming,90428,-28.488013,42.5916735
Tom Ellison,63,7269 Shannon Village Apt. 697,East Juliefurt,Michigan,73906,93.872137,8.812718
Kristi Soto,27,7834 Smith Roads,Port Barbarachester,Oregon,79513,-131.247029,45.6341445
Daniel Roberson,34,545 Jerome Branch,Greenemouth,Ohio,60090,88.648293,-67.145477
Brittany Romero,72,278 Alicia Rapid,Lake Elizabethmouth,South Carolina,22897,19.886419,84.5163455
Kevin Parker,62,6452 Jane Streets Apt. 908,Kimberlybury,New Jersey,67448,18.177202,1.493798
Richard Neal,43,560 Roberts Ridges Suite 310,Reillyshire,Colorado,02320,-55.491022,84.060574
Jose Haynes,79,86519 Archer Stravenue,Walterchester,New Hampshire,51141,-62.106431,-36.8122275
Angelica Vazquez,70,8831 Collins Overpass,Amberport,North Dakota,47179,171.239146,-69.238249
William Simpson,52,399 Thomas Ridges Apt. 274,Lake Dianaport,Idaho,66341,28.458884,62.7617125
Daniel Garcia,41,8314 David Radial Apt. 722,Youngville,Arkansas,47956,15.609829,55.8985485
Yvette Chavez,21,0307 Rivera Island Apt. 611,Lewisview,Virginia,43228,23.783452,84.0276225
Kelsey Smith,55,4765 Griffin Circle,Port Alexisburgh,South Carolina,11942,-114.002164,-1.3493425
Victoria Clayton,60,2540 Jason Highway Apt. 876,North Jamesville,South Carolina,01453,27.431332,77.4971045
Samantha Gibson,25,530 Julia Parks,Annashire,Arkansas,05553,15.942413,79.700406
Kerri Garza,58,188 Melissa Oval,West Lisa,Massachusetts,11635,-137.952915,11.515938
Nathaniel Hill,18,75524 Wilkins Ford Apt. 110,South Aliciastad,South Dakota,16610,32.239742,37.4563265
Ellen Cox,30,978 Jason Inlet,Jimenezshire,New Mexico,70751,88.326995,-39.434328
Elizabeth Erickson,46,5574 Williams Parkways,Port Jessica,California,52717,-60.108233,37.371747
Mr. Michael Browning,27,471 Brenda Isle,North Territown,Rhode Island,28487,55.082225,-12.3456815
James Smith,74,60549 Patrick Extension Apt. 008,New Corey,Nebraska,00569,-154.875950,60.0439455
Derek Clark,78,3472 Perez Neck,West Jaclyn,New Mexico,61059,-63.309151,71.823081
Jessica Mckee,37,8918 Cynthia Inlet,Port Jorgeborough,Utah,19615,97.739275,70.2468875
Alexander Davis,62,14823 Caleb Ranch Apt. 879,Deanport,Washington,66597,64.752575,20.7138735
Michael Burnett,76,5897 William Rapids,Ericberg,Alabama,25373,24.963972,77.2379905
Deborah West,69,1111 Kimberly Parks,Mannhaven,Rhode Island,22402,155.549760,74.3710055
Glenda Wilson,72,961 Green Spur Suite 892,Hawkinsfurt,Washington,89140,40.431415,-6.072630
Scott Bentley,62,476 Victoria Mission,East David,Alaska,02370,-168.403069,1.8663995
Stacy Hall,27,7221 Haley Trail,Danielbury,Arkansas,03507,-89.611845,20.689439
Nancy Phillips,75,43901 Eric Mount,New Aliciaton,Delaware,91779,63.118799,62.024407
Brian Lin,35,5425 John Groves Apt. 949,Theresafurt,Washington,55725,163.860036,-73.1639725
Garrett Fuller,31,3644 Gail Radial Suite 002,Reyesview,Maine,47098,-44.348101,43.1167365
Stephanie Johnson,47,6842 Rice Circles Suite 184,South Jayfort,Illinois,86478,-0.713601,-27.2353315
Thomas Hall,48,3390 Smith Mission,Lake Christine,Virginia,58565,-0.760819,-28.2034395
Manuel Vasquez,74,078 Baker Throughway,Josephberg,Utah,10660,121.584793,87.1168445
Jacob Ford,78,404 Gary Port Apt. 305,Richardberg,Alabama,71072,-61.339692,-8.6207215
Patricia Hernandez,63,16021 Hamilton Stravenue Suite 372,Lambborough,North Dakota,53669,-164.769228,56.6231535
Seth Golden,41,798 Mckinney Centers,Medinahaven,Arizona,63818,159.968584,59.4523845
Mikayla Cooper,55,31418 Kirk Keys,Harrisville,North Carolina,82550,-102.684323,-52.135368
Katherine Sanchez,35,3351 Berger Parkways Suite 825,West Patriciamouth,Connecticut,27023,-121.031822,9.3522245
Kelly Kelley,80,04074 Berry Mission Suite 462,South Joshua,Wyoming,30353,-64.733206,17.058607
Vincent Singleton MD,48,75413 Kevin Ways,North Adam,Alabama,39920,-161.865828,20.2740095
Jamie Garcia,32,83769 Brooks Passage Apt. 563,Maryfurt,Michigan,88129,43.730659,-58.628310
Jessica Moss,78,305 Angel Neck Apt. 881,South Nicole,Arkansas,24058,42.709365,-15.109522
Charles Swanson,49,615 Dana Square,Port Kim,New York,62228,81.465201,-54.408629
Shannon Warner,33,271 Tricia Field,Smithfurt,Louisiana,76731,-30.593246,63.655949
Levi Hernandez,35,275 Seth Fords,West Lindsey,Connecticut,19962,-128.796287,-74.7297795
Dr. Cory Martin MD,56,2779 Zamora Trail,Port Andreaberg,Wisconsin,53022,-6.977494,21.5605715
Jose Ross,42,4700 Chen Crossing,Lake Brian,New York,04954,85.753116,71.0166905
Joseph Jenkins,50,6435 John Mountain Suite 456,Sheltonville,Delaware,35173,-97.651514,67.0584985
Kenneth Williamson,24,45244 Meza Plains,Alanville,Pennsylvania,70263,137.869442,69.504306
Eric Clayton,69,1935 Gray Plain,East Haileytown,Massachusetts,83090,-23.907276,30.9714875
Chloe Griffin,55,95024 Rivera Court Suite 976,Lake Mark,Alaska,59390,-99.976362,50.7696825
Stephanie Hoover,58,649 Bowen Common Suite 240,Roseport,Kansas,99628,179.077013,-0.185269
Mario Fuller,71,4759 Kelley Port,East Richard,Arizona,35562,-146.021874,14.9766555
Robert Branch,68,28454 Justin Island Suite 736,Malikport,Illinois,96862,-107.170447,76.3037995
Debra Chavez,79,973 Samantha Curve,Markland,New Hampshire,24929,-28.163460,-82.385839
Ryan Peters,27,315 Katherine Springs,Mataburgh,Hawaii,70051,43.320997,51.8242275
Randy Hamilton,25,1153 Hoffman Plains Suite 687,Weberhaven,New Mexico,66421,48.762532,49.094041
Robert Mueller,65,6904 Daniel Groves,New Jenny,Florida,54989,-8.510403,37.630280
Joy Smith,53,229 Robert Cliffs Apt. 972,Marychester,Vermont,73082,-163.615834,22.906048
Jordan Salas,29,91880 Gibson Burgs,Port Andrewborough,Maryland,61997,-116.884319,0.8318325
Philip Campbell,74,7860 Mejia Road Suite 902,Lauratown,Indiana,91264,60.549423,17.864071
Carla Cortez,42,04600 Huang Track,Curtisfort,New Mexico,70197,74.251000,83.5970035
Christopher Hardy,40,172 Lopez Tunnel Suite 170,New Christinemouth,New Jersey,89795,59.444861,13.7382415
Alice Miller,45,458 Miller Station Apt. 455,North Anthonyside,North Carolina,39440,-19.686939,23.349536
Kelly Lin,71,98769 Gilbert Walk Apt. 225,West Matthewbury,South Carolina,19048,145.589050,46.855422
Brian Price,54,19521 Figueroa Path,Bobbyburgh,Alabama,03913,-143.783911,-22.691415
Carl Sullivan,36,244 Anna Forges Suite 787,Villarrealborough,New Mexico,18290,32.377764,81.1028535
Christine Tate,61,933 Joseph Rue,Sheahaven,Oklahoma,09214,117.016146,12.0162315
Caleb Moon,23,731 Carr Springs,Angelafort,Nevada,42996,173.929876,-88.900237
Joshua Velasquez,51,3586 Kenneth Center,Andersontown,Texas,35051,-63.551690,85.231890
John Cole,30,6308 Willie Station,New Andrew,Florida,70249,-163.874035,10.817795
Alexis Rodriguez,55,01023 Carter Wall Apt. 957,North Johntown,Pennsylvania,27289,-162.588133,19.3433615
Paul Dudley,65,325 Robinson Courts Suite 490,Port Christopher,Montana,13397,176.557294,-0.1783265
Elizabeth Jones,36,11071 Jeremy Mountains,Nguyenmouth,Arkansas,23711,-30.087465,78.810949
Mary Tran,43,69687 Reed Prairie Suite 916,Michaelland,Oregon,59784,48.535266,-74.9625595
Andre Massey,36,718 Lisa Mountains Apt. 023,Port Joseph,Alaska,38053,112.141840,-18.0572615
Grace Simmons,29,9107 Michelle Islands,Washingtonhaven,Kansas,44043,-29.652237,-20.507927
Norma Hayes,71,61794 Anderson Freeway Suite 540,South Carlahaven,Idaho,70656,-77.094600,4.818800
Martin Robbins,65,99049 Wright Extensions Apt. 694,East Rebekahmouth,Louisiana,87177,32.364650,-50.511753
Rebecca Anderson,65,83210 Reese Rapids Apt. 551,West Brittanystad,Virginia,38640,144.241992,1.477976
Sergio Foley,52,2629 Ryan Corners,Port John,Texas,17226,150.995090,29.841727
Dawn Duncan,27,22272 John Throughway Suite 987,Lauratown,Michigan,33030,-45.315001,45.873244
Kathryn Wilson,51,193 Molly Falls Suite 942,South Johnland,South Dakota,01184,-65.081495,-28.0381315
Erin Robinson,35,11694 Justin Isle,Murphyland,Iowa,41123,135.650127,10.740394
Steven Thompson,46,424 Valerie Burg Apt. 758,Smithburgh,Iowa,18070,127.428824,-86.000625
Tracy Ruiz,44,96531 Angela Prairie Suite 364,North Kennethville,West Virginia,35837,-30.319206,37.1461335
Laura Garcia,41,9332 Chelsey Camp Suite 057,East Jacquelinebury,North Carolina,24549,78.140219,62.973771
Jacqueline Powell,67,9838 Jones Flats,Port Joel,Nebraska,42478,-144.936419,78.2857705
Lucas Little,67,26189 John Row Apt. 634,New Blake,Louisiana,30806,177.544043,-17.217847
Rebecca Mccoy,39,36333 Saunders Square Apt. 399,West Kellyhaven,Texas,34092,-157.397379,-10.5698125
Julie Kent MD,65,388 Nash Ranch Suite 459,Frankmouth,Wyoming,94943,-68.107018,-27.1370025
Pamela Moore,35,66500 Erica Stravenue,Johnstonfort,West Virginia,93760,44.498206,33.0426785
Tyler Houston,73,43254 Smith Trail,Smithborough,Washington,87041,-85.285394,-75.332443
Dawn Wallace,54,51440 Ramirez Lake Apt. 078,South David,New Jersey,74672,171.336333,85.555935
Benjamin Suarez MD,63,5764 Parsons Light Suite 322,Hudsonport,Georgia,70987,-156.728118,-14.4609785
Elizabeth Melendez,55,58454 Jeffrey Knolls Suite 577,New Arthurstad,Alaska,13091,-12.531501,2.7752455
Donald Berry,59,543 Raymond Lake Apt. 158,Cartershire,Washington,26614,-93.628982,0.481423
Brian Snow,54,27752 Delgado Stream,West Ryan,New Mexico,06175,-7.511175,77.7651695
Kevin Williams,30,75983 Martin Crossroad Suite 659,Lake Melissa,Arkansas,78919,-119.331278,53.806837
Kendra Fuentes,73,248 Young Estates Suite 300,Port Robertton,Minnesota,18992,63.969424,34.8049415
Wyatt Cruz,28,320 Thomas Crossroad,Hannaborough,California,98881,-54.836792,61.952138
Megan Garcia,76,6679 Rodriguez Points Apt. 211,West Barbara,Iowa,04329,-29.565272,25.0074125
Sheri Cook,32,7923 Richard Village Suite 736,Nicholasmouth,Nevada,54812,-40.846113,69.128565
Mary Chase,70,427 Dawn Grove Apt. 724,Port Kathleenside,Ohio,52354,-96.096067,-21.9375635
Richard Hawkins,41,84058 Young Ridges Suite 657,Tonyaside,North Dakota,83722,-18.760969,-43.5436215
Ashley Graham,33,3835 Alicia Via Apt. 371,West Kristi,Illinois,87994,68.823365,2.726539
Courtney Murphy,36,6482 Catherine Ways Apt. 657,Sethburgh,Tennessee,79988,-20.628499,19.6583075
Ellen Adams,24,5964 Brian Roads,Davidport,New Hampshire,61637,-2.543469,-23.6364725
Laura Peterson,74,8316 Dale Lights Suite 394,West Janet,Florida,34666,-116.677582,-8.5945725
Julia Lee,26,89801 Kim Dam,Aliceberg,New Hampshire,95894,7.213051,-78.3930505
Jennifer Combs,19,1105 Hood Mountain Suite 357,Erinborough,Georgia,76476,175.625956,-52.9589455
Brian Watts,35,349 Parker Rapid,East Williamshire,Iowa,64858,-112.456177,-44.9499755
Elizabeth Richardson,63,896 Oconnor Lights,Danielland,Washington,28474,5.887930,-20.214741
Jared Flynn,55,94617 Lee Garden Apt. 113,South Davidmouth,Ohio,61015,34.410772,-17.320988
John Butler,57,1342 Perez Ferry Suite 065,Robertshire,New Hampshire,55709,-63.614700,49.217369
Crystal Simpson DVM,30,643 Kathryn Row,Toddbury,Arkansas,49287,-177.920266,-14.208988
Brad Wilson,51,98878 Brian Fall Apt. 918,Jamesburgh,Nevada,36078,104.226855,81.8828445
Marie Combs,42,15510 Shannon Radial,Samanthaburgh,Nevada,89939,24.998858,31.6402985
Cody Salas,63,5342 Stephanie Union,Beckyland,Oklahoma,89601,58.397124,-22.358326
Charles Thomas,40,63815 Jason Burgs,North Daniel,Nebraska,09153,56.776470,-36.600196
Jennifer Brewer,45,1520 Perez Cliffs Apt. 376,East Amy,Michigan,03456,-130.975962,49.058631
Kevin Benitez,70,982 David Prairie,Port Jodi,West Virginia,65778,-92.458118,21.030183
Melissa Bush,80,671 Gilbert Rue,West Barbaraland,Massachusetts,21861,28.006448,42.610682
Randy Lawrence,54,17136 Taylor Forks Apt. 926,East Patrick,Virginia,25796,-149.081600,47.453003
David Thompson,77,492 Lane Views Suite 950,North Patriciastad,Nebraska,50570,125.865258,30.8620635
Madison Sanchez,71,9116 Timothy Brooks Apt. 961,West Kelly,Oregon,99226,3.850336,65.174979
Allen Fitzgerald,52,0925 Valdez Crossing Apt. 101,West Nancymouth,Iowa,12994,-147.714329,-17.659530
Courtney Smith,23,038 Hill Course Suite 898,Port Julie,Connecticut,75958,150.188883,-52.242307
Amanda Wilkerson,50,52433 Walker Walks,North Beverly,Rhode Island,96892,-157.487525,-35.997785
Todd Allen,30,99256 Bennett Knolls,Lindseyside,South Dakota,34678,150.740580,27.799351
Peter Perez,31,76768 Bauer Ports,Leestad,North Carolina,53411,92.999827,4.5257615
Amber Wood,65,396 Andrew Passage Suite 821,Jacksontown,New Jersey,18994,-106.256189,-18.710352
Charles Estrada,41,359 West Pine Apt. 180,Joseland,North Carolina,05151,-171.378605,52.144926
Robin Bush,26,64044 Matthew Glen Suite 036,Jennifermouth,Texas,27674,-61.742441,-13.633780
Paige Scott,58,8630 Gregory Turnpike,Johnshire,Mississippi,02428,-160.240048,-59.106047
Stephanie Robertson,62,8115 Miller Unions,North Joel,Missouri,81747,-124.790108,65.9042685
Isaac Turner,49,612 Ryan Prairie Suite 930,Moorehaven,Utah,65134,66.691907,15.352289
John Stevens,73,06101 Shannon Pike,Marcstad,Colorado,81199,42.395658,-54.4984125
Brittany Rios,35,1159 Montgomery Shore Apt. 353,Port Sandra,Montana,34628,57.137240,-36.381986
Scott White,44,6600 Samantha Trace,Port Glenn,New Jersey,02335,72.043759,13.410925
Hailey Harris,63,4699 Rice Spring Apt. 569,Port Erinfort,Tennessee,60053,-131.100396,-19.9976665
Mary Parsons,69,84577 Jones Burg,Castilloside,South Dakota,59464,-56.333942,-32.2215525
Jeremiah Barnes,61,6067 Merritt Plaza,Port Aprilside,Virginia,59571,-31.302114,-43.6301125
Megan Wang,60,88454 Terri Throughway,East Jeffrey,Alaska,86254,14.122816,37.7471385
Brianna Carson,45,3073 Hutchinson Cape Suite 655,Lake Raymond,New Hampshire,42556,-167.637894,74.2022505
Monica Cameron,18,53881 Anthony Drive Suite 904,East Miguelchester,New Hampshire,25444,66.445579,-54.989975
Christopher Murphy,47,5157 Alexander Pine Apt. 085,Lake Charlesfort,Missouri,86889,77.406351,-64.8202855
Christopher Roberts,27,308 Javier Roads,Lake Kimberly,Idaho,47652,-141.622331,-35.4054505
Jeremy Henderson,58,597 Dan Skyway,New Brooke,Montana,10615,38.112391,46.572636
Robin Richardson,65,303 Lopez Streets Apt. 510,Vanessahaven,New York,37639,-138.286597,37.6871785
Anthony Kelly,36,244 Hernandez Mill,Thompsonview,Idaho,88158,75.669328,3.044194
Autumn French,22,4212 Shepard Road,Amandamouth,Oregon,68196,-30.534469,40.6382545
Theresa Soto,29,8654 Jonathan Plains Suite 215,Howellville,Washington,61680,-178.814811,78.349805
Lisa Walters,59,283 Zachary Canyon Suite 955,West Zachary,Georgia,59364,126.659523,16.8792825
Cody Church,69,422 Sara Mountains Apt. 789,Edgarshire,Maryland,57590,-25.916282,-72.399219
Keith Bradford,29,284 Moore Plains Apt. 473,West Thomasland,Tennessee,22431,-115.676151,41.9570825
Albert Maynard,72,5540 Hardin Crest Apt. 835,Diazshire,Kentucky,33588,55.390224,-46.692502
Kenneth Lyons,72,2519 Jennifer Circle Suite 777,North Annette,South Carolina,52162,-146.080390,-30.272294
April Marshall,58,2488 Robert Brook Apt. 149,East Jacob,Mississippi,33115,105.870162,48.177749
Kimberly Manning,68,63288 Lee Island,New Scott,Hawaii,84707,146.676125,52.513403
Maurice Ramos,23,436 Davis Expressway Suite 277,Lake Brandon,California,91295,156.426216,-52.830478
Elizabeth Espinoza,34,85056 Cynthia Gateway Apt. 434,Valerietown,Missouri,82119,-105.086700,-59.0544095
Vincent Tyler,50,933 Taylor Springs,Hurstborough,North Dakota,87150,-160.115880,-83.0318455
Thomas Brock,72,71977 Anthony Summit Suite 758,East David,South Dakota,26231,3.035657,82.6803835
Dave Berry,70,2499 Kim Locks Suite 597,Williamsland,Indiana,92334,75.521285,-35.117395
William Cuevas,63,035 Vazquez Meadows,Ericaview,Missouri,46965,99.145605,-28.5008795
George Richardson,21,34436 Jordan Parkway Suite 402,Steventown,Pennsylvania,79733,-100.994628,51.302297
Jeremy French,58,21472 Hart Springs,South Sherritown,Kentucky,56197,-13.290213,-79.1690085
Michael Harrison,51,46343 David Rest,Nelsonberg,New York,27906,-41.129446,-28.9593275
John Morris,21,36571 Craig Pine Suite 454,Port Amanda,Indiana,10954,-169.378733,17.3079575
Christopher Thompson,26,26805 Rivera Common,Spencerton,Oregon,95404,101.430614,0.1447385
Carla King,21,3350 Joseph Rue,Morenoview,West Virginia,96992,-14.458200,52.903062
Jonathan Taylor,32,273 Walters Forest,Brianberg,Florida,74145,86.546033,-44.566002
Michael Griffin,34,3614 Allen Alley,Port Frances,Oklahoma,06034,-138.731865,-22.7381305
Shawn Herrera,51,8609 Callahan Keys,East Marystad,Idaho,73505,-156.338328,-85.803624
Stephen Turner,30,951 Boyer Way Suite 783,Brownborough,Minnesota,08737,-173.387177,8.255375
Christy Smith,74,4943 Judy Shoals Suite 087,Wilsonburgh,Montana,55059,-5.002762,57.5797835
Matthew Lopez,18,24428 Gallegos Fall,Port Kellyberg,New Hampshire,64210,177.808095,81.616729
Sandra Leblanc,52,7812 Henderson Port Suite 034,East Marietown,Pennsylvania,72092,-179.363253,-72.455311
Nichole Henderson,45,5999 Jamie Underpass,Lake Stephen,Massachusetts,70313,-66.483286,-6.0158075
Mr. Ryan Mckee,35,6731 Carlos Extension Apt. 722,Austinside,Kansas,38351,147.058997,9.203166
Jessica Haynes,41,54654 Olivia Ridges,East Davidland,Georgia,59468,-35.494661,37.349122
Steven Deleon,46,3935 Valerie Lodge,Port Charles,West Virginia,16803,-66.122675,46.957406
Jordan Johnston,36,6873 Tucker Bridge Apt. 954,Jordanbury,Michigan,99524,166.186575,-83.854936
Anthony Guerrero,78,1194 Jacob Lake,Houstonhaven,South Carolina,64312,158.764631,-49.4647395
James Ware,37,95440 Bond Island,Fordstad,South Dakota,27975,-94.378147,-5.460338
Vicki Pierce,51,2056 Eric Summit Apt. 089,Michaelmouth,Kansas,04517,95.782855,-62.256469
Jason Anderson,74,2313 Philip Rest,New Adam,Alabama,29413,55.860226,-51.012973
Allison Allen,74,02841 Webster Track,East Javier,Arizona,84068,87.071862,55.019229
Richard Robles,23,9375 Tyler Ranch,Baileybury,Arkansas,05990,-132.516534,19.974736
Patrick Evans,78,2872 George Glen Apt. 269,North Anthony,Indiana,81581,-122.286975,-5.230764
Sarah Pierce,41,63127 Cindy Flats,South Dennismouth,Oklahoma,28811,94.769935,51.7164715
Brenda Dennis,40,4894 Clarke Stravenue,Port Taraborough,Texas,38732,-113.458096,74.1332395
Elizabeth Sellers MD,28,141 Hughes Mills Apt. 809,Jimenezport,Colorado,03519,-95.681173,34.282354
Pedro Jimenez,39,04418 Turner Club,North Rebecca,South Carolina,94822,-135.624369,-4.2566845
Michael Buchanan,80,81501 Hill Lodge Apt. 214,Simmonsshire,Delaware,48734,-135.141120,17.6714855
Mrs. Andrea Cardenas MD,74,1794 Lopez Squares Suite 506,Rosschester,Utah,68653,-69.230414,-33.843720
Dustin Baker,60,24027 Hector Forks Suite 384,North Terry,Vermont,39158,69.998846,58.3502085
Darren Huang,33,004 Coleman Ferry Suite 616,North Jaredstad,Delaware,16715,71.410409,-9.8395135
Ryan Gamble,72,914 Derek Station Apt. 379,Gillfort,Pennsylvania,25014,48.582989,-0.5493535
Maureen Wolfe,29,6465 Shepherd Road,Summersville,Michigan,15884,171.310886,28.7219445
John Kramer,66,5014 Nicholas Course,Burnsview,Idaho,59012,105.756387,-69.333644
Louis Moore,34,92014 Jones Rest,Thompsonfort,Nevada,83761,44.071417,-40.7028915
Alicia Williams,29,62442 Briana Roads,South Austinstad,Oregon,45501,76.007253,80.218782
Brian Spencer,69,9901 Matthew Wells Suite 353,Fraziershire,West Virginia,23696,151.675763,-67.278363
Cody Baker,36,758 Smith Dale Suite 406,West Melissaville,Idaho,33303,123.277608,84.1489855
Thomas Malone,57,8313 Thomas Island,South April,South Dakota,77985,-48.325724,-61.553515
Heather Hernandez,65,599 Hooper Fort Suite 688,Foxchester,Georgia,76334,-63.702764,22.017750
Kimberly Cooke,27,1616 Smith Creek Suite 437,East Amyton,Maine,04912,16.739189,-26.346070
Robin Booth,57,61856 Richard Hill,Webbmouth,Oregon,17402,-142.891919,-41.712002
Hailey Barnes,37,991 Ruiz Loaf Apt. 451,Brianland,Arizona,89511,-49.743430,-16.3259035
Joshua Perez,55,359 Manuel Track,North Barbara,Virginia,33810,148.611945,-16.590362
Allison Parker,68,6047 Vicki Ridges Suite 221,West Richardport,Rhode Island,82195,40.077051,-80.193520
Gregory Smith,39,57148 Wilkerson Place,West Robertport,Alabama,93880,135.223637,-29.196808
Lisa Swanson MD,64,3094 Katrina Garden Apt. 176,Markfort,Maryland,42725,73.906831,35.4765845
Julia Dougherty,35,3091 Lisa Spur,East Sandra,Mississippi,71597,-23.982030,-42.403551
Maria Higgins,19,12327 Ethan Motorway Apt. 321,Crawfordhaven,Maine,91426,99.708408,-74.6427185
Joseph Rodriguez,40,93897 Rice Villages,Tranfurt,Oklahoma,17258,138.148779,-0.319394
Jason Rose,52,7333 Zhang Roads Apt. 614,Davidsonfort,Alaska,84375,-163.279983,-54.945250
Melissa Miles,69,365 Hayes Roads Apt. 828,Rodriguezborough,Michigan,56451,113.920706,-88.5639205
Jonathan Caldwell,18,7769 Jodi Walks,Kimberlyview,Colorado,92342,161.262844,86.328951
Todd Liu,31,9178 Johnson Street,Briannaton,Rhode Island,70372,9.920716,-55.8319835
Elizabeth Wells,46,33906 Mark Springs Apt. 621,Lake Alexandriaport,New Hampshire,58475,11.360230,3.0969805
Joseph Herrera,36,955 Lisa Keys Apt. 914,South Peterchester,Kansas,09147,80.909534,32.288819
Kaylee Reid,33,2912 Gilbert Stravenue,Port Codyfort,Louisiana,19985,80.958796,67.1463435
Mitchell Ramos,41,609 Holly Brook,Lake Emilystad,West Virginia,08938,-155.648587,-76.0775925
Madison Mckay,48,96574 Baird Harbors,Port Benjamin,Arkansas,07411,40.647335,15.5087185
Maria Dunn,49,3527 Lori Court,Gregoryland,Rhode Island,17897,-33.585300,-68.6240345
John Maynard,71,29347 King Roads Suite 227,North Ethan,Idaho,53810,78.274384,-10.4961235
Scott Pitts,40,37608 Edward Springs Suite 079,Carolhaven,Indiana,66473,-68.695914,-19.0897955
Andrew Martinez,54,263 Shane Plaza,Jasmineberg,Hawaii,40080,33.407444,30.9674085
Benjamin Potts,60,15222 Megan Squares,East Javier,Maine,64614,-92.676890,-71.448472
Patricia Johnson,58,390 James Square,Gardnerport,Montana,12741,14.036647,-72.009686
Paul Mitchell,48,962 Tiffany Rapid Suite 361,Kathleenland,West Virginia,24539,-146.903508,65.5966945
Heather Brandt,36,30223 Peggy Fall Apt. 969,North Markmouth,Louisiana,44969,1.002423,-53.941001
Michelle Patton,77,1363 Todd Port Apt. 517,Hinesberg,Washington,05836,-58.465496,3.7869805
Gregory Spencer,78,500 Baldwin Oval Suite 500,Mckenziemouth,Connecticut,92901,109.086543,47.4968865
John Sanders,49,840 Matthew Courts Apt. 817,Lake James,Oklahoma,71692,27.873699,80.4920225
Richard Harris,44,13309 Jordan Terrace Suite 763,Salasburgh,Kentucky,06728,-12.457254,-68.3182835
Joshua Wilkinson,73,977 Jacob Glens Apt. 307,East Craigland,Hawaii,18934,125.923975,11.099213
Jared Bennett,66,0518 Ryan Plains,Lake Mary,Idaho,63054,97.815112,-44.1402125
Shannon Dixon,45,724 Ingram Hill,East Janice,Wisconsin,82082,-108.710265,18.761912
Ashley Wilson,43,8469 Mathews Haven,Jamesmouth,New Hampshire,39938,-107.697904,-14.1270425
Shawn Coleman,77,08162 Ferrell Ways,Shawtown,Hawaii,89648,45.175974,-30.960232
Joshua Martin,42,62916 Yolanda Estates Apt. 190,New Nathan,Maine,76850,-37.464904,-14.5716775
David Massey,42,94985 Rachel Hill,Mooreville,Rhode Island,33738,-93.249274,-64.962811
Lori Lee,27,76748 Lee Port,Stephanieberg,Wisconsin,66845,55.023057,-20.803769
Stefanie Stokes,58,10870 John Roads Apt. 893,Carrport,Montana,45416,171.078487,74.075791
Samantha Harris,41,484 Michael Lodge,Lake Jesus,Florida,89321,-22.466385,8.1479055
John Frazier,30,3001 Angela Wells Apt. 651,New Hannahfort,New Mexico,20411,-74.951076,-12.386570
Gregory Hernandez,64,68604 Jackson Turnpike,Williamland,Oregon,90394,-30.905217,-30.6805295
Summer Ferguson,60,908 Jillian Gardens Suite 321,North Rayhaven,Texas,16435,151.965997,86.4151905
Zachary Chung,80,7052 Willis Cliff,East Laura,Alabama,44503,157.402480,50.001630
Norma Peters,20,7110 Kimberly Harbor Apt. 167,Maryhaven,Michigan,75857,-48.439792,-34.3064865
Brent Thomas,18,003 Bobby Gardens Suite 189,Port Julieville,Florida,76241,-178.487751,-58.0648955
Miss Lisa Gray MD,45,152 Robert Bypass,Markfort,Ohio,18588,31.202452,6.3125615
Patricia Carroll,58,04699 Williams Mountain Suite 066,South Ashleytown,North Carolina,84670,-108.831633,-70.408317
Robert Reed,26,10033 Sarah Neck,East Madisonstad,Indiana,52049,-125.677798,5.0160375
Karen Hernandez,27,1854 Joshua Lock Apt. 440,East Lesliehaven,North Carolina,08376,-17.629984,-74.9808775
Lauren Alvarado,49,905 Warner Route Apt. 565,Pearsonport,Oregon,09196,-156.935991,27.0123445
Victor Clay,75,3305 Kayla Crescent,East Nancyville,North Dakota,39956,-124.159316,-59.7355605
Mary Terry,65,92108 Benson Mount Apt. 017,Gregoryside,Iowa,07071,44.956888,33.635309
Gary Hughes,21,8430 Lara Manor Apt. 872,Griffinhaven,Pennsylvania,43225,-145.252472,-77.984771
Joshua Petty,64,977 Sims Hollow,New Theresaside,New York,53838,-95.142259,74.2797505
Tyler Cain,32,2809 Justin Shoal Suite 738,West Coreyborough,Kentucky,67070,-157.215571,51.604172
Paul Morris,29,784 Hart Views Suite 835,East Joshuaview,Ohio,36107,-19.338379,4.3459765
Suzanne Thompson,72,2931 Linda Ranch,Jenniferland,Wisconsin,23302,-138.246250,30.259422
Nicholas Cooley,63,238 Thompson Creek,Adamsstad,Florida,98020,59.121545,-67.128876
Howard Harris,43,7161 Matthew Parkways Apt. 393,Heatherchester,Delaware,21807,-5.532072,8.3633905
Tara Shaffer,33,592 Fischer Village,South Erinfort,West Virginia,88079,127.380881,64.2379925
Ashley Schaefer,76,04344 Holmes Creek Apt. 607,Montgomeryburgh,Nebraska,22157,139.598489,-44.5562045
Jennifer West,21,9054 Jenna Loop Apt. 222,Robertoborough,Florida,02140,-97.557184,-12.9441685
Daniel Moran,73,770 Robert Forges Suite 454,Markhaven,Oregon,75346,-67.320613,-7.9564505
Matthew Moore,26,64709 Yvonne Highway,Lake Daniellehaven,North Dakota,82025,-72.787144,45.268484
Johnny Kerr,34,060 Reynolds Wall,Karenton,Pennsylvania,15307,-49.041784,67.519365
Lisa Rodriguez,72,7539 Sara Junctions Suite 993,East Ashleychester,Oregon,77128,11.207986,28.7212785
Michael Boyle,26,99763 Davis Stream,Parksville,North Dakota,14874,13.419208,-59.437021
Amanda Anderson,36,831 Black Plaza Apt. 186,New Janice,Arkansas,39789,-65.938732,-45.4915995
Brenda Miller,32,449 Blanchard Mountain,West Trevor,Tennessee,96065,-92.359311,20.206139
David Gibbs,74,93181 Eric Point Suite 041,Kevinstad,Alaska,32813,-137.678697,60.7788345
Lauren Wolfe,63,15158 Fletcher Rest,Bennettside,Wisconsin,35875,-111.775990,54.007723
Robert Cook,64,43339 Hernandez Land,Lake Catherinefort,Texas,60570,-122.346761,-68.859095
Louis White,44,73007 Haynes Loop Apt. 409,Anthonybury,Kentucky,79128,167.145801,11.830494
Jacqueline Miles,48,566 Robin Run,Port Erica,Colorado,77926,29.010458,47.408701
Jacqueline Reyes,47,934 Victoria Forest,Smithstad,Texas,65495,-26.741660,52.074383
Tracy Terry,69,725 Jacqueline Bypass Apt. 359,East Shaneport,Iowa,09252,-42.437720,-74.837938
Michelle Beltran,40,577 Juarez Pine,New Veronica,Kentucky,77643,93.264539,-54.4514015
Andre Moore,73,7406 Matthews Crossing,New Craig,New Mexico,19688,-119.538249,-49.0656505
Erika Garcia,54,0118 Christian Trace,Jamesmouth,Arizona,13883,134.644881,-85.9398115
Tamara Daniel,55,0096 Christian Crescent Apt. 075,Alexandriaton,Alabama,39160,-20.725918,-61.5618755
Matthew Cole,45,10672 Matthew Courts,Lopezmouth,Minnesota,24325,54.451853,41.9292645
Amanda Turner,36,2144 Joshua Groves,Martinport,Louisiana,97665,86.910691,63.8626345
Sharon Clark,71,618 Joshua Skyway Suite 629,North James,Kentucky,30486,72.888868,15.199312
Mrs. Kathleen Thomas DDS,70,211 Destiny Stravenue,Jessehaven,Colorado,67374,149.577560,43.6630905
James Michael,32,4705 Kevin Street Apt. 069,Ingramburgh,Kansas,29177,84.131294,-78.589736
Jerry Johnston,35,163 Johnson Forest Suite 229,Jerryside,California,45134,21.983688,-62.8915925
James Harris,42,664 Timothy Hills Suite 500,North Tinaland,Florida,37605,12.596144,16.0104485
Susan Perez,38,9048 Armstrong Lodge Apt. 012,Hallville,New Hampshire,23170,-154.428669,-88.5391245
Jessica Dixon,54,8128 Butler Extension,North Christopherport,Nebraska,14809,-151.359696,38.7079135
Stephanie Small,78,1343 Bender Knoll Suite 790,Austinburgh,Oregon,55057,-38.290711,19.640284
Michael Duffy,66,32238 Adam Land,Loganberg,Montana,19492,21.627553,57.7068715
Anthony Gilbert,33,963 Kevin Neck,Port Christina,Michigan,58943,-134.125114,-6.605364
Scott Richardson,29,80658 Villanueva Rue,South Gary,Wisconsin,14987,-127.476143,-82.5699125
Sophia Olson,39,87616 Tammy Creek,Cherylland,California,78171,48.052669,60.151728
Leonard Miller,36,30957 Mary Prairie,Lake Jesseville,Mississippi,80356,60.553599,-86.1586855
Ryan Obrien,59,4519 Valdez Unions,North Scott,South Dakota,25677,-168.476736,-45.407989
Michael Bush,48,733 Parker Branch Suite 492,South Suemouth,North Dakota,92422,35.122206,14.4490755
Bradley Smith,51,0044 Sara Landing Suite 203,Port Mark,Georgia,71698,-177.441480,-39.6711335
Mrs. Cynthia Hernandez,68,818 Chen Bridge Apt. 035,North Philip,Minnesota,91415,-75.144607,-82.4808905
Gregory Sandoval,80,88423 Mary Glens Suite 851,Dunnview,Wyoming,79235,-158.389231,4.1902895
Amanda Yang,22,54841 William Field,Rachelberg,Minnesota,54855,-93.754980,-14.288004
Glenn Jacobs,33,3432 Hooper Rapids Suite 432,West Christopher,Oregon,11360,-85.439174,-69.977854
Linda Frye,45,81115 Ricky Hollow,Lake Kaylastad,Vermont,61596,-174.781316,51.8166865
Lisa Williams,45,567 Orr Squares Apt. 132,South Davidhaven,Colorado,15865,50.886641,51.638896
Mrs. Karen Hall,66,1517 James Cove,Munozstad,Alaska,31004,-131.559352,42.428734
Francisco Walker,34,1441 Anderson Walk,Sampsonborough,Pennsylvania,95841,-167.334491,53.5762975
Katie Duarte,35,399 Craig Valley Apt. 419,Careyland,Wyoming,71479,-55.917023,60.719906
Jeffrey Vasquez,68,01071 Sandra Dam Suite 753,Patrickshire,Missouri,79383,25.612293,78.063552
Tiffany Davis,43,56755 Smith Ports Suite 638,East Patricia,Maine,74520,139.516901,-28.7071805
Kevin Brown,74,634 Tina Meadows,Cooperton,Minnesota,27596,107.255821,15.5695045
Joseph Smith,68,3869 Stark Lakes,Port Andrea,Colorado,23374,105.540492,43.156108
James Cardenas,20,169 Huang Cliff Apt. 770,Lake Roberthaven,New York,02223,139.952891,85.697149
Brenda Bryant,19,407 Vargas Square,Jeremystad,New York,12118,144.048094,1.2733815
Elizabeth Johnston,20,8853 Brian Common Apt. 951,South Andrew,Oregon,73578,-127.698970,-50.452161
Jay Ellis,46,882 Herring Extensions Apt. 546,North Jillmouth,Texas,87966,-142.256824,-49.6466675
Darren Willis,47,3495 Coleman Trail,Stevenston,Hawaii,29883,-161.802329,-41.401613
Latasha Hodges,70,02080 Sandoval Shoal Suite 100,West William,Montana,66357,115.384643,39.848650
Tammy Green,59,98095 Harmon Lights,Rodriguezchester,Indiana,55017,-159.333500,-1.056429
Brenda Cook,44,5771 Powers Center,Port Sarahbury,Delaware,16247,65.544642,0.461185
Evelyn Wagner DVM,78,9117 David Mission,Martinview,Colorado,80788,6.319500,34.427359
Timothy Gomez,70,96276 Erin Square Apt. 043,New Loristad,South Dakota,55415,-177.230874,64.6951865
Michael Thomas,77,73346 Lisa Ports,Lake Shirley,Rhode Island,32449,139.249652,79.793160
Kevin Myers,62,267 Sheila Way,Lake Bridget,New Mexico,88329,89.875897,56.6983895
Matthew Garcia,24,162 Charles Harbor Suite 489,Port Juanside,New Hampshire,87927,120.671665,-6.929445
Elizabeth Brooks,31,9784 Robert Overpass Suite 037,Donnaland,New Jersey,82218,69.107361,47.199653
Richard Newman,58,14347 Farrell Summit Apt. 396,Zacharyshire,Arkansas,94317,-103.522364,87.388718
Daniel Wiggins,38,0795 Lisa Crossing,West Gabrielfurt,Alabama,30410,-62.488374,-87.026625
Jesse Zuniga,59,07262 Catherine Dale,Josephbury,South Dakota,68011,123.042879,-52.223153
Tamara Mathis,38,07005 Dustin Parkway,Cardenasmouth,Maine,02483,59.518126,67.3200995
Julia Walker,18,1835 Jessica Port Suite 856,Ashleyborough,Oregon,18474,87.494837,-52.0482165
Paula Morales,20,944 Sarah Tunnel,Royfort,Maine,65298,115.963928,-19.6076115
Michael Macias,60,0119 Moore Tunnel Suite 039,West Davidstad,Utah,08311,-178.907934,-63.2770745
Meagan Hall,45,648 Thompson Valleys Apt. 950,Greenburgh,Nevada,97945,53.169999,58.514624
James Wilson,44,2296 Watson Shores,West Lori,Nevada,30717,-155.676744,44.0342975
Ryan Ramos,28,3247 James Place,Baxterton,California,54500,109.797437,60.827833
Tami Shields,51,2823 Strong Expressway Apt. 995,Codyton,Massachusetts,42157,-39.942179,-2.143340
Jon Wolfe,33,6426 Richard Circles Apt. 708,Port Christopher,Michigan,21256,-164.110215,-64.0593865
Kenneth Hernandez,27,9753 Danielle Neck,South Timothyborough,Wyoming,25062,56.008229,-40.0806975
Dominique Whitehead,22,679 Michael Turnpike Suite 982,Kennethmouth,North Carolina,23144,59.778779,46.295103
John Dyer,33,862 Brian Trafficway Apt. 880,Port Gina,Kentucky,20405,134.147648,1.3005285
Harry Johnson,38,27646 Janice Creek Suite 744,Beardmouth,California,87868,90.113077,29.2597705
Kimberly Luna,34,734 Austin Forest Apt. 654,Martinchester,North Dakota,59733,-168.490120,-9.6642975
Emma Miles,42,93710 Jorge Fork Apt. 900,Kennethmouth,Rhode Island,62371,52.906127,-84.5550675
Melissa Martin,33,47134 Jenkins Forges Apt. 567,Kingborough,Michigan,36177,36.899890,80.3532795
Joanna Sosa,61,71140 Virginia Road Apt. 020,East Amanda,Missouri,03863,-130.919978,89.7212735
Stephen Mendoza,39,012 Brown Shoals Suite 470,Richardsonfurt,Kentucky,76670,-84.060072,5.271438
Christopher Jenkins,54,97840 Mckinney Falls Suite 509,Andrewview,Maine,75958,117.686032,-22.377410
Joshua Dyer,19,54690 Robert Parkway,Lauraton,Nebraska,68893,-53.302227,45.9848035
Stephanie Riggs,26,8075 Scott Roads,Jacksonmouth,New York,46843,151.740719,15.480770
Peter Hernandez,54,662 Johnson Rapid,South Sara,Nevada,35875,21.301345,22.0390425
Michaela Duran DDS,63,041 Justin Glen,Howardmouth,North Dakota,48701,122.341820,-76.396065
Alexa Palmer,37,685 Joseph Key,South Sergio,Georgia,27475,-92.453814,-66.261547
Julie Dickson,60,7363 Davidson Forge,Cassandraberg,Florida,57787,-96.737987,-15.439739
David Smith,65,7725 Rebecca Oval,Morachester,Wisconsin,63017,-61.224095,82.753405
Brenda Pacheco,36,36218 Martinez Pines,Hayleyfort,Connecticut,02415,-168.137374,-52.731138
Natalie Cole,61,249 Morgan Fall,Lake Jennifer,Utah,31478,137.041227,-30.272833
Linda Hunt,77,7338 Sanders Village,Lake Kayla,Hawaii,00962,30.846529,-44.615995
Sherry Good,35,5735 Simmons Forks,Kevinton,Kentucky,85659,139.701690,86.507851
Dustin Cooper,72,0653 Wilson Skyway,Timothyview,Maine,55202,174.737535,75.1879315
William Kelly,59,31680 Jason Haven,North Heather,Montana,40373,-57.248987,50.1480845
Juan Davis,25,209 Thomas Shores Apt. 001,Lake Alexandramouth,Wisconsin,00530,-143.946825,51.7433155
Caitlin Moore,18,566 Lane Park,Mahoneyfort,Washington,79105,130.681393,-57.6876425
Laura Thompson,18,726 Tony Parkways Apt. 656,North Davidtown,Alaska,07270,-148.824578,-46.0932415
Emily Johnson,38,45998 Oliver Groves Apt. 034,Cortezhaven,West Virginia,86284,76.763547,89.9774745
Kyle Nelson,72,049 Keith Turnpike,Mackmouth,Louisiana,71056,71.402164,-43.895753
Oscar Tucker Jr.,39,4570 Kevin Drive,East Joseph,Arizona,71695,-0.779212,-5.0067445
Tina Reese,38,5434 Hart Cliffs Apt. 010,West Alexander,Missouri,02301,77.589032,55.996553
Andrew Cox,34,68185 Mitchell Isle Apt. 356,West Kimberlymouth,New Hampshire,25008,174.599480,-56.9200195
Jennifer Collins,43,889 Dustin Views Apt. 221,Robertland,Nevada,19296,-20.509075,-25.760800
Ana Barker,46,9879 Petersen Meadow,South Danielmouth,West Virginia,61494,8.676384,16.9600615
Todd Dunn,45,130 Autumn Coves Apt. 823,North Christian,Iowa,93705,-40.280965,-84.2089465
Mr. Frank Miller,23,319 Martinez Mews Suite 198,Tiffanyshire,Wisconsin,22401,-101.236740,88.9623335
Shannon Cabrera,72,78456 Daniel Drives,Maryfort,Oregon,40229,134.194952,40.457661
Stephanie Martin,35,142 Bailey Parkways Suite 287,West Ashleyville,New Jersey,51968,113.581087,84.739398
Warren White,63,578 Stephanie Rue Apt. 821,Michaelton,Iowa,93466,-0.366723,-9.4745755
Kelly Scott,46,07714 Matthews Prairie,Thomasbury,New Jersey,54471,-36.984712,-28.801905
Kara Wright,27,2324 Sarah Spur Apt. 196,Andrewshire,Delaware,68884,-95.613200,27.1373865
Amanda Cochran,21,8133 Lopez Springs,Gilbertmouth,Hawaii,28437,75.161088,55.9178485
Alexandra Farmer,63,0598 Jessica Lakes,East Ernest,Minnesota,19604,-115.340866,60.593386
Carolyn Hale,78,7239 Davis Point,West Haleyview,Connecticut,34549,13.617749,-8.0827485
Emma Thornton,60,1467 Kimberly Unions,Marymouth,Texas,33295,73.472118,-63.8763825
Randy Fisher,61,318 King Row,Lake Kenneth,Kentucky,12684,0.814705,-55.3476955
Todd Brown,67,5449 Gerald Radial,Ericaberg,Idaho,93630,56.440649,-11.131041
Christopher Pittman,71,84825 Washington Port,East Sarah,Delaware,58055,-75.245991,89.9360965
Jennifer Peterson,19,9069 Anderson Meadows,South Judy,Pennsylvania,90326,-152.429446,-7.8671155
Jason Moreno,74,186 Scott Brook,Sabrinaberg,Wyoming,27598,-128.770992,46.8387345
Gabrielle Lambert,78,76501 Michael Circles,Smithtown,Oregon,85337,-106.813142,39.506657
Kathleen Smith,45,80688 Patterson Center Suite 254,Lake Steven,Alabama,65050,-120.045752,48.195486
Erin Smith,60,020 Lewis Forest,Raymondmouth,Washington,14144,-49.696548,25.8228245
Karen Jacobs,47,08332 Diamond Parkway Apt. 021,South Timothy,Iowa,47624,164.824878,-24.783603
Zachary Hubbard,79,1391 Tricia Haven Apt. 417,West Annette,Texas,47005,-98.758117,-17.913187
George Roberson,19,3227 Robin Land,North Andrewtown,Washington,33362,61.756083,84.4139295
Jacob Sexton,66,3142 Torres Isle,Port Deniseborough,Kentucky,75550,-154.519001,-80.191971
Joshua Miller,33,2715 Sanders Motorway,Shafferside,Washington,99307,96.338430,-65.1674635
Cynthia Avila,49,69848 Fuller Port,Harrisberg,New Mexico,11306,-130.393588,46.1230505
Meagan Castro,47,3274 Fuller Fork Suite 213,Riverastad,Montana,38281,38.971792,60.756568
Heather Kline,71,1723 Justin Shoal,Stephanieland,Kentucky,49612,-132.092758,75.6839955
Bailey Holmes,54,14465 Smith Stream,Jefferyland,Arizona,13364,-18.079057,39.763770
Victor Chang,60,1451 Stacey Spur,North Ashleyfurt,West Virginia,67473,11.098206,-74.956230
Cindy Cooper,64,9774 Robles Light,Lake Phillipland,Alabama,54812,-35.189716,40.4292975
Danielle Johnson,26,48116 Tran Cliff Apt. 529,West Jimmybury,Maine,01153,150.477257,42.729061
Karen Graham,40,0722 Donna Throughway Apt. 321,Jonesberg,New Jersey,34795,-119.500663,-7.9182825
Chelsea Henderson,58,394 Beth Port Apt. 121,Listad,Alabama,52891,120.558303,25.0716705
Sheri Watson,51,575 Perez Springs,Gallagherchester,Colorado,30332,-54.012172,23.6020615
Dawn Patton,65,046 Davis Crossing,Michaelland,Tennessee,75195,92.498607,2.4650605
Michelle Potter,43,2007 Watson Court,Jamesbury,New York,96135,-125.992513,87.433910
Julie Adams,78,220 Brandon Cliff,Fostermouth,Nebraska,69738,36.642159,57.736053
Jeremy Miller,38,3412 Randolph Flats Apt. 593,East Jessica,Montana,18373,-121.698898,-17.134417
Debra Olson,77,1019 Thompson Bridge Apt. 439,East Christopherfort,Texas,92431,-56.312422,-32.644434
Alexander Washington,63,20300 Brown Mount Apt. 218,Kristenshire,Virginia,12021,141.935879,-62.0710865
Christopher Lewis,45,12156 Rhodes Village Suite 789,New Regina,Utah,84428,126.596414,-48.754969
Nicholas Wong,45,718 Robertson Glens Suite 765,North Theresaland,Tennessee,87509,116.731969,-71.108504
Michael Kane,58,982 Hudson Motorway Apt. 691,East Joshua,Pennsylvania,22226,-175.436379,59.323948
Todd Murphy MD,47,5676 Burns Knoll Apt. 370,South Sharon,West Virginia,58559,-16.933953,71.7669755
David Graham,59,90645 Bowman Wall Suite 350,Michaelshire,Louisiana,44023,93.743694,-39.615542
Diane Carter,56,076 Tammy Route Apt. 972,Lake Walterstad,Arizona,91787,30.506877,35.5925955
Greg Calderon,71,05136 Hernandez Lodge Apt. 192,Lake Kevin,Pennsylvania,56490,104.686967,-26.414607
Jeremy Carney,21,20723 Li Trafficway,Michaelhaven,Wyoming,85140,141.952125,-33.3342195
Teresa Crawford,41,142 Odonnell Curve Suite 745,Port Shawn,Kansas,63369,78.311977,84.2511955
Cheryl Lowe,51,54544 Daniels Viaduct,Lake Noah,Hawaii,48138,89.105581,38.932287
Amanda Gibson,62,416 Craig Ford Apt. 419,Port Glenn,Minnesota,59866,175.989935,-6.803976
Jonathan Green,28,442 Hall Lights,South Michellestad,Michigan,32633,59.058611,-61.6656245
Leroy Le,72,83604 Monica Common,New Tamarachester,Alabama,13392,-143.958494,75.8065105
Renee Flores,23,78789 Snyder Valleys Suite 658,Markborough,Oklahoma,43190,157.986593,-67.3698645
Tiffany Carter,45,2420 Beth Extension Suite 205,East Jonathan,Alaska,37256,-106.439302,-7.0900765
Steven Novak,44,17003 Amy Brook Apt. 347,Johnland,Kansas,38145,-129.041486,76.001569
Alan Lambert,24,65324 Keller Locks Suite 694,South Christopherfurt,Washington,77441,177.460754,54.128474
Justin Whitaker,80,310 Katie Alley,South Christopherfort,Texas,97142,81.121617,84.9288795
Matthew Giles,76,67068 Harper Lakes Apt. 897,East Sydney,Illinois,38751,-162.830578,-19.823312
Paula Cantu,78,374 Smith Square,East Jesusmouth,Minnesota,30801,-163.547185,-79.4789575
Teresa Graham,60,675 Sherman Springs,New Warren,New York,97233,50.664591,-56.7477255
Sandra Rivera,52,372 Amanda Pass Suite 926,East James,Alabama,43451,172.061669,12.3552775
Charles Anderson,50,644 Rogers Garden Apt. 907,Evanston,Kansas,97911,-118.065220,-11.1103915
Joshua Lawrence,77,3574 Tucker Skyway,New Heatherfurt,New Mexico,84100,-61.252486,-64.755262
Michelle Nguyen,67,0510 Contreras Unions Apt. 478,Harveybury,Maine,60995,168.490353,-29.024292
David Berry,56,24876 Mercedes Pass,Racheltown,Massachusetts,52437,-23.309154,8.8680295
Zachary Marquez,49,1856 Irwin Prairie,Greenville,New Jersey,93892,-50.311172,-8.6117315
Mark Parrish,65,07181 Marsh Islands,Lake Apriltown,Alaska,17214,143.517184,76.734534
Megan Gamble,51,4932 Christina Plaza Apt. 165,Henryshire,Maryland,89564,31.576562,49.0308835
Julie Thomas,37,829 Gregory Passage,South Taraberg,Hawaii,28183,-33.234657,-85.897297
Michael Smith,58,214 Parker Hills,South Brittanyfurt,Michigan,89227,148.983210,15.4838435
David White,20,40485 Gutierrez Lake,Jonesville,New Hampshire,37751,-52.971217,67.6887915
Ann Henderson,73,39660 Wilson Creek,Gonzalezfort,Virginia,03432,13.194000,-28.8268815
Catherine Burns,71,6399 Beth Dale,Port Jason,Montana,94722,-97.919681,-39.4104985
Justin Perez,69,70849 Blackwell Shore,Port Joshualand,South Dakota,42578,-144.250673,71.124695
Nicole Parker,60,79983 Jessica Falls,West Carlos,Montana,36607,21.988381,-47.2650595
Margaret Edwards,61,9980 Bernard Prairie Apt. 526,Port Shawn,Pennsylvania,30831,172.653908,12.274358
Joshua Howard,23,3601 Yvette Oval Suite 000,Smithstad,Missouri,90033,117.768155,-48.314141
Lisa Miller,27,616 Cabrera Squares,Tranberg,Kentucky,94525,-103.184687,3.5531515
Michele Fletcher,47,48009 Robertson Lake Suite 341,New Joshua,West Virginia,03975,12.608161,87.012795
Nicole Johnson,48,916 Baker Plaza,New Donaldstad,Indiana,83959,-56.944050,72.999692
Robin Mcmillan,72,67121 Williams Underpass Suite 070,Harrisland,Utah,47148,-112.754622,-81.860437
Jasmine Lara,45,629 Joseph Plains,Skinnerhaven,New Jersey,53350,20.979303,-80.8079275
Andrea Moore,39,930 Joshua Ferry Suite 521,Reynoldston,Maine,59143,148.585609,-6.3568815
Natalie Arias,61,9386 Madison Turnpike,Ericashire,Texas,28031,-56.642066,-31.498193
Justin Diaz,24,60253 Christopher Course,North Erin,Utah,98903,-154.007280,5.119450
Brandon Turner,52,8150 Angela View Suite 104,Maytown,New Hampshire,29944,-63.224588,44.052170
Sandra Whitehead,24,182 Graham Plaza Suite 296,West Shawn,Massachusetts,87492,173.631484,-85.2269235
Adriana Smith,29,26414 Russo Crossing Suite 980,North Daniel,Pennsylvania,49092,167.683664,-87.6803685
William Wheeler,34,0427 Phillip River Apt. 402,Port Susan,Mississippi,22007,-68.337995,-34.8824145
Meredith Cohen,63,6965 Joseph Route,Martinezside,Missouri,36121,-33.333069,-23.9115505
Renee Payne,54,29430 Jason Hill Apt. 373,Mitchellmouth,Alabama,55154,-169.406194,-48.6088085
Denise Sanchez,54,398 Edwards Drive,Toniville,Kansas,68066,91.237803,-33.8587935
William King,63,53463 Riley Ridges Suite 901,South Williammouth,Minnesota,46725,-144.980704,-43.2051675
Cynthia Black,80,8721 Vanessa Wall Suite 718,Jasminestad,New Mexico,67551,-98.950539,46.1535895
Jaime Jackson,36,959 Sutton Place,South Richard,Oregon,88006,-106.053830,-38.8698135
Robert Sandoval,79,8193 Morris Garden,Evansburgh,Virginia,95836,-6.256402,-0.336006
David Greene,76,689 Mark Highway Apt. 865,Lake Sean,Utah,07007,15.720745,-21.9130975
Kristin Richard,56,0053 Mcfarland Pike Apt. 538,Kimberlyville,Massachusetts,25380,-8.570640,-64.4616615
Misty Rodriguez,68,234 Whitney Plain Apt. 477,Bellland,Hawaii,00674,-13.282968,61.2153925
Christopher Galloway,62,699 Moore Flat,Wilsonton,Nevada,16500,-45.068234,-59.392877
Cynthia Dominguez,48,046 Matthew Cliffs Apt. 440,Micheleberg,North Carolina,18555,178.614801,85.988009
Roger Brown,39,66495 Shields Course Apt. 011,West Andrea,Louisiana,64242,126.661759,-71.5461675
Angela Espinoza,73,496 Wong Street Apt. 881,Smithburgh,Maryland,82111,42.010028,-16.8336025
Jessica Lewis,68,80898 Sullivan Views,Knoxstad,Colorado,42227,164.935346,-52.767605
Jennifer Levine,43,5756 Carter Square Suite 008,Burnsview,Hawaii,22812,87.021918,54.8405525
Lisa Good,76,9928 Pierce Branch Apt. 412,Lake Andrew,Utah,41655,47.538655,-88.4368135
Jeremy Bean,30,44909 Gallegos Hill Apt. 846,North Mariah,New Mexico,83737,149.343843,64.367441
Sonia Alexander,45,641 Martinez Cliffs,Brandonland,Indiana,52627,179.773233,-59.562628
Anthony Stone,72,4057 Pam Vista Suite 110,Reynoldsview,Washington,69306,41.296568,-18.3932135
Lisa Martin,50,537 Paul Port Apt. 995,North Michael,Kentucky,75911,-111.783064,41.485566
Travis Lucas,29,3141 Michael Center,Lake Allisontown,South Carolina,61568,84.730344,-81.6504735
Eric Simon,53,57188 Elizabeth Place Apt. 836,New Laura,Missouri,32289,146.388789,34.030578
Amy Garrison,75,38554 Edward Rue,Lake Annstad,Kansas,31835,-84.317961,25.407672
Lori Thomas,73,9601 Turner Keys Apt. 601,West Melissaport,Michigan,28490,147.374421,-52.782893
Patrick Mayo,27,30055 Randy Crossroad,Marioborough,Florida,98350,-98.584872,24.097463
Nicole Stanley,70,30962 Mark Lodge,Adamville,Virginia,79009,178.545355,19.963756
Elizabeth Byrd,61,73202 Jones Locks,Port Kevin,Pennsylvania,39183,158.874658,31.4113535
Eileen Garner,71,73744 Elijah Junction Apt. 353,West Karenburgh,Maine,31409,-163.058461,-69.758001
Jennifer Bryant,49,677 Lucas Greens,Laurenstad,Alaska,26521,29.886302,38.2450285
Kenneth Murillo,20,7979 Edward Camp Suite 993,South Andrew,Pennsylvania,50309,33.791282,-24.5707115
Roberto Barnes,66,04841 Laura Turnpike,Nathanton,New Jersey,73962,-20.730360,-15.505053
Daniel Harding,61,572 Singh Tunnel,Perrymouth,Michigan,84090,118.450347,78.3716565
Mary Meyer,22,61735 Travis Springs,Toddstad,Montana,41805,-103.104427,-65.3419875
Curtis Weiss,35,7103 Alicia Tunnel Suite 809,Samanthamouth,Idaho,76113,167.990990,-76.7597525
Joshua Jones,41,3737 Kimberly Way Suite 688,Owensmouth,Wisconsin,83839,-62.690972,-8.766631
Kenneth Shepherd,19,1256 Andrew Rue Suite 604,Port Ronnieville,Nebraska,13799,-62.533241,-0.718403
Austin Hale IV,34,938 Megan Green,West Mary,Ohio,62013,90.124890,-75.212615
Vincent Cain,22,0002 Katrina Common Apt. 297,Tiffanymouth,Maryland,17528,143.051934,-10.331912
Victor Baker,51,640 Livingston Stream,New Gregory,Wisconsin,19594,-88.411692,79.964167
Dr. Jason Hill MD,80,68752 Tracy Villages,Port Davidfort,Oklahoma,86857,109.538652,-77.298586
Angela Freeman,39,747 Daniel Hill Suite 038,New Jefferyburgh,Michigan,80150,-0.195997,-28.1543195
Laura Arellano,20,7727 Martin Key Apt. 267,Brownfort,Hawaii,56124,100.998475,18.760671
Brandon Warren,45,6855 Susan Mount,Hayesfurt,California,94716,34.075162,62.8535825
Carol Russell,56,721 Carr Square,Harperburgh,Michigan,75028,164.721666,29.314404
David Frazier,66,340 Beck Island Suite 626,Reesehaven,Louisiana,92224,57.008649,-31.838223
Samantha Dean,19,073 Hammond Ports Suite 048,New Melissatown,West Virginia,74642,-163.980016,15.734198
Adam Brown,77,9028 Summers Centers,Lewismouth,South Carolina,72189,95.922172,47.8774625
Samuel Gonzalez,23,8212 Hernandez Forest Suite 313,Carolville,Oklahoma,45225,-144.988667,-34.7710695
Michael Hall,61,340 Miller Mountain Suite 933,Debraport,Pennsylvania,00936,125.829967,-32.9102715
Tyler Patterson,20,026 Adam Forks,Georgeshire,New York,36382,27.390544,32.238739
Anthony Holland,69,362 Sean Unions,South Ian,Alaska,95699,-120.764000,54.088726
Deborah Taylor,46,7375 Mary Drives,Brittanyport,North Carolina,49785,142.034543,13.8244385
Gregory Thompson,54,27414 Anthony Crest Apt. 813,Stephaniehaven,Arizona,64240,-153.826115,60.5586065
Joshua Swanson,44,90000 Johnson Lane Apt. 637,Brittanyton,Nebraska,63227,-151.665383,43.991017
Brett Turner,33,7371 Maria Prairie Suite 065,Mccoymouth,Hawaii,69055,-60.029404,78.8379295
Michelle Whitaker,20,263 Thompson Squares,West Richardchester,New Mexico,31966,132.560475,23.9262625
Peter Bass,62,26586 Christina Pike,Deniseview,Kentucky,91303,-155.441295,56.812989
Elizabeth Mooney,37,16938 Costa Meadows Suite 564,Stricklandfort,Colorado,51304,-164.749478,-57.5455765
Jerry Santos,57,04702 Hernandez Harbor,Jerryside,Mississippi,73990,39.916958,64.674520
Deborah Hill,38,56196 Mark Islands Suite 386,Robinsonshire,Nebraska,91531,-64.276488,-69.3922915
Kelsey Miller,49,1499 Baker Port Apt. 689,Port Catherineland,Minnesota,89727,-137.246723,-3.9887315
Katherine Weaver,80,1236 White Walk Suite 240,Lake Rachel,Georgia,53666,116.493823,-42.8055325
Samuel Bennett,65,22602 Brady Stravenue Apt. 152,Gabrielaberg,Missouri,64431,140.129212,-69.624502
Christina Park,31,9305 Joseph Plaza,Ryanchester,Washington,62067,49.929565,-85.490260
Frank Preston,61,3199 Darren Row Apt. 762,Sarahberg,Idaho,92503,104.376084,42.2978125
Alexis Smith,53,32937 Melissa Shores Apt. 744,Melindaberg,Arkansas,45067,148.704000,0.1931115
Rebecca Hernandez,29,25794 Amy Stream Apt. 371,Bushmouth,Virginia,11723,90.016725,-4.4648145
Corey Peterson,43,198 Johnston Mall Apt. 401,Alexberg,California,64673,60.940384,31.394167
Joseph Nelson,70,039 Katherine Forest,New Ashleyfort,Montana,80234,95.611036,-23.821296
Mary Williams,80,341 Hammond Pike Apt. 463,East Mitchellport,Maryland,62895,-113.713839,-61.6901305
Thomas Taylor,74,8937 Cunningham Forks Apt. 348,Davisberg,Missouri,34192,-95.903783,-72.4489685
Elizabeth Conley,29,10425 Sandra Extensions,Port Jesustown,Wisconsin,63491,158.469301,-49.456295
Dr. Angela Espinoza MD,73,917 Davis Islands,West Robertside,Oregon,95132,-164.088368,41.7370755
Christina Graves,24,48582 James Club,Port Josephside,North Carolina,18366,140.505675,-34.294200
Louis Landry,46,28042 Cruz Trafficway Suite 130,New Nancyshire,Oregon,02127,136.697924,59.291837
Jessica Jackson,25,70185 Bailey Bypass,North Amychester,Rhode Island,24509,-34.729897,-6.8545375
William Alexander,64,4366 Shawn Village Apt. 953,Jessicaland,Louisiana,03561,32.211302,53.6919225
Natalie Hayes,29,6075 Villa Port,Howardberg,Alaska,33648,-107.933147,-55.159706
Trevor Bailey,19,2183 Kenneth Parks Suite 587,Lake Carolynburgh,Illinois,28138,-164.169448,10.9596155
Adam Hines,62,024 Jeffrey Well Suite 389,East Harry,Idaho,81452,-158.921558,-42.2938265
Lawrence Caldwell,21,37608 James Flat,Melissaport,Vermont,89692,138.129065,14.1124095
Terry Freeman,73,0716 Travis Path Apt. 046,South Michelle,New Hampshire,02293,-124.589137,-88.450316
Justin Black,29,70139 Chris Course,Marybury,North Carolina,14983,155.737493,-15.712562
Lisa Alexander,37,575 Kim Bridge,Rubenfurt,Nevada,85376,-22.554635,43.5128585
Marcus Cox,37,2515 Marissa Ford,West Joshuashire,Rhode Island,21904,157.615517,34.073527
Amanda Lee,74,461 Mccarthy Roads,Wallaceside,New York,01954,89.103903,61.099453
Shannon Gonzalez,22,37360 Roy Island Suite 957,Lake Ginachester,Kansas,99646,-61.060241,-48.0818935
Joshua Spencer,34,047 Adams Fields,Jonesfurt,Utah,45902,8.850406,-67.172964
Karen Hardy,70,35002 Marcus Ridge Apt. 788,East Christieport,Montana,24430,-48.008587,38.088173
Victoria Joseph,64,9305 Reynolds Heights Apt. 392,East Jessica,Nevada,22490,-170.191808,-31.2384625
Matthew Crawford,72,657 Corey Circles Apt. 128,Susantown,Georgia,93020,162.346612,-6.3032365
Karl Moody,64,9104 Gavin Crescent,Huberhaven,Kansas,20348,33.912472,73.047037
Lisa Grant,63,97306 Gentry Lock,North Carlos,Texas,81377,-123.282243,-42.7035575
Nicole Campbell,55,62274 Martin Light Apt. 448,Brandontown,Delaware,12358,45.887205,-34.3965825
Thomas Lee,49,486 Loretta Track Apt. 474,Port John,Washington,63584,126.912238,32.565650
Dr. Cynthia Arnold DVM,42,862 Morales Run,Hallfort,Nebraska,76638,-161.947898,84.379517
Larry Weber,67,5762 Robert Rapids Suite 494,South Matthewfurt,Minnesota,85904,133.606091,85.0037855
Jacob Medina,54,2643 Smith Alley,North Richardstad,Oregon,91767,-48.941149,-65.570662
Angela Hill,68,19390 Nicole Glens,East Spencerfurt,New Hampshire,48185,-100.171972,-3.526525
Daniel Roach,27,068 Brittany Corners,New Josephfurt,North Carolina,42836,-158.906535,-68.6210135
